<?xml version="1.0" encoding="UTF-8"?><feed xmlns:tes="http://www.tidalsoftware.com/client/tesservlet"><entry><tes:actions><tes:name>Veeva-Notify-Failure</tes:name><tes:description>-- Deployed from JPTYOTAGAD001.onetakeda.com by onetakeda\nld7149 on 03/09/2019 04:37:53 AM
-- Deployed from JPTYOTAGAPT001 by onetakeda\nld7149 on 03/22/2019 01:38:49 PM</tes:description><tes:publicflag>N</tes:publicflag><tes:type>1</tes:type><tes:ownername>GLO-ACC-CRM DIL SUPP</tes:ownername></tes:actions></entry><entry><tes:actions><tes:name>VEEVA-JAPAN-SERVICENOW</tes:name><tes:description>-- Deployed from JPTYOTAGAD001.onetakeda.com by onetakeda\nld7149 on 03/10/2019 12:04:30 AM
-- Deployed from JPTYOTAGAPT001 by onetakeda\nld7149 on 03/22/2019 01:26:19 PM</tes:description><tes:publicflag>Y</tes:publicflag><tes:type>1</tes:type><tes:ownername>GLO-ACC-CRM DIL SUPP</tes:ownername></tes:actions></entry><entry><tes:actions><tes:name>TEST-SEND</tes:name><tes:description>-- Deployed from tidalm-dev by mpi\sysbhprakk on 04/21/2017 03:13:25 PM
-- Deployed from usbostlmt001 by onetakeda\nld7149 on 03/12/2019 02:38:20 AM
-- Deployed from JPTYOTAGAD001.onetakeda.com by onetakeda\nld7149 on 03/13/2019 12:26:10 AM
-- Deployed from JPTYOTAGAPT001 by onetakeda\nld7149 on 03/22/2019 01:43:36 PM</tes:description><tes:publicflag>Y</tes:publicflag><tes:type>1</tes:type><tes:ownername>GLO-ACC-CRM DIL SUPP</tes:ownername></tes:actions></entry><entry><tes:actions><tes:name>SVCNOW-CREATE-P2-INCIDENT</tes:name><tes:description>-- Updated from tidalm-dev by mpi\systocrice on 12/01/2017 01:49:11 PM
-- Deployed from usbostlmt001 by mpi\systocrice on 12/13/2017 01:39:24 PM
-- Deployed from usbostlmp001 by onetakeda\nld7149 on 03/20/2019 11:54:22 AM</tes:description><tes:publicflag>Y</tes:publicflag><tes:type>4</tes:type><tes:ownername>GLO-ACC-TIDAL APPS SUPP</tes:ownername></tes:actions></entry><entry><tes:actions><tes:name>Veeva_Notify_Success</tes:name><tes:description>-- Deployed from JPTYOTAGAD001.onetakeda.com by onetakeda\nld7149 on 03/09/2019 04:42:03 AM
-- Deployed from JPTYOTAGAPT001 by onetakeda\nld7149 on 03/22/2019 01:41:42 PM</tes:description><tes:publicflag>N</tes:publicflag><tes:type>1</tes:type><tes:ownername>GLO-ACC-CRM DIL SUPP</tes:ownername></tes:actions></entry><entry><tes:actions><tes:name>Veeva_Notify_Failure</tes:name><tes:description>-- Deployed from JPTYOTAGAD001.onetakeda.com by onetakeda\nld7149 on 03/09/2019 04:39:40 AM
-- Deployed from JPTYOTAGAPT001 by onetakeda\nld7149 on 03/22/2019 01:41:15 PM</tes:description><tes:publicflag>N</tes:publicflag><tes:type>1</tes:type><tes:ownername>GLO-ACC-CRM DIL SUPP</tes:ownername></tes:actions></entry><entry><tes:actions><tes:name>Veeva-Notify-Error</tes:name><tes:description>-- Deployed from JPTYOTAGAD001.onetakeda.com by onetakeda\nld7149 on 03/09/2019 04:37:10 AM
-- Deployed from JPTYOTAGAPT001 by onetakeda\nld7149 on 03/22/2019 01:35:08 PM</tes:description><tes:publicflag>N</tes:publicflag><tes:type>1</tes:type><tes:ownername>GLO-ACC-CRM DIL SUPP</tes:ownername></tes:actions></entry></feed>