<?xml version="1.0" encoding="UTF-8"?><feed xmlns:tes="http://www.tidalsoftware.com/client/tesservlet"><entry><tes:emailaction><tes:message>Impact:2
Urgency:2
?
The job status was: &lt;JobStatus&gt;
Exit code: &lt;JobExit&gt;
This was the output:
&lt;JobOutput&gt;</tes:message><tes:fromaddr>tpadvtesap01_Tidal@tpna.com</tes:fromaddr><tes:subject>SCRM_L2?&lt;JobParent&gt;\&lt;JobName&gt; has failed</tes:subject><tes:otheraddress>bhargava.prakki@takeda.com, tony.rice@takeda.com, suman.banerjee1@takeda.com, servicedesk@takeda.com, Melanie.Likas@takeda.com, kiranmai.kattamuri@takeda.com</tes:otheraddress><tes:description>-- Deployed from JPTYOTAGAD001.onetakeda.com by onetakeda\nld7149 on 03/10/2019 12:04:30 AM
-- Deployed from JPTYOTAGAPT001 by onetakeda\nld7149 on 03/22/2019 01:26:19 PM</tes:description><tes:publicflag>Y</tes:publicflag><tes:name>VEEVA-JAPAN-SERVICENOW</tes:name><tes:ownername>GLO-ACC-CRM DIL SUPP</tes:ownername><tes:type>1</tes:type></tes:emailaction></entry><entry><tes:emailaction><tes:message>The job &lt;JobName&gt; ran at &lt;JobRuntime&gt;

Output:&lt;JobOutput&gt;</tes:message><tes:fromaddr>tpadvtesap01_Tidal@tpna.com</tes:fromaddr><tes:subject>&lt;JobName&gt; interface encountered an error in &lt;VEEVA-ENV-STRING.506f8bf0be0086aec94b4bd40ea7b51a&gt;</tes:subject><tes:otheraddress>TIDAL_SCRM-ml@takeda.co.jp, chandrashekhar.tiwary@cognizant.com, arnab.kar2@cognizant.com, suman.banerjee2@cognizant.com, prakhar.gupta6@cognizant.com</tes:otheraddress><tes:description>-- Deployed from JPTYOTAGAD001.onetakeda.com by onetakeda\nld7149 on 03/09/2019 04:37:10 AM
-- Deployed from JPTYOTAGAPT001 by onetakeda\nld7149 on 03/22/2019 01:35:08 PM</tes:description><tes:publicflag>N</tes:publicflag><tes:name>Veeva-Notify-Error</tes:name><tes:ownername>GLO-ACC-CRM DIL SUPP</tes:ownername><tes:type>1</tes:type></tes:emailaction></entry><entry><tes:emailaction><tes:message>The job &lt;JobName&gt; ran at &lt;JobRuntime&gt;

Output:&lt;JobOutput&gt;</tes:message><tes:fromaddr>tpadvtesap01_Tidal@tpna.com</tes:fromaddr><tes:subject>&lt;JobName&gt; encountered an error in &lt;VEEVA-ENV-STRING.506f8bf0be0086aec94b4bd40ea7b51a&gt;</tes:subject><tes:otheraddress>TIDAL_SCRM-ml@takeda.co.jp, chandrashekhar.tiwary@cognizant.com, arnab.kar2@cognizant.com, suman.banerjee2@cognizant.com, prakhar.gupta6@cognizant.com</tes:otheraddress><tes:description>-- Deployed from JPTYOTAGAD001.onetakeda.com by onetakeda\nld7149 on 03/09/2019 04:37:53 AM
-- Deployed from JPTYOTAGAPT001 by onetakeda\nld7149 on 03/22/2019 01:38:49 PM</tes:description><tes:publicflag>N</tes:publicflag><tes:name>Veeva-Notify-Failure</tes:name><tes:ownername>GLO-ACC-CRM DIL SUPP</tes:ownername><tes:type>1</tes:type></tes:emailaction></entry><entry><tes:emailaction><tes:message>Hi,
  Interface, &lt;JobName&gt; has encountered an error on &lt;SysDate.M/d/yyyy&gt;</tes:message><tes:fromaddr>tpadvtesap01_Tidal@tpna.com</tes:fromaddr><tes:subject>&lt;JobName&gt; interface encountered an error on &lt;SysDate.M/d/yyyy&gt;</tes:subject><tes:otheraddress>TIDAL_SCRM-ml@takeda.co.jp</tes:otheraddress><tes:description>-- Deployed from JPTYOTAGAD001.onetakeda.com by onetakeda\nld7149 on 03/09/2019 04:39:40 AM
-- Deployed from JPTYOTAGAPT001 by onetakeda\nld7149 on 03/22/2019 01:41:15 PM</tes:description><tes:publicflag>N</tes:publicflag><tes:name>Veeva_Notify_Failure</tes:name><tes:ownername>GLO-ACC-CRM DIL SUPP</tes:ownername><tes:type>1</tes:type></tes:emailaction></entry><entry><tes:emailaction><tes:message>Hi,
  Interface,&lt;JobName&gt; has been successfully executed on &lt;SysDate.M/d/yyyy&gt;</tes:message><tes:fromaddr>tpadvtesap01_Tidal@tpna.com</tes:fromaddr><tes:subject>&lt;JobName&gt; interface successfully executed on &lt;SysDate.M/d/yyyy&gt;</tes:subject><tes:otheraddress>TIDAL_SCRM-ml@takeda.co.jp</tes:otheraddress><tes:description>-- Deployed from JPTYOTAGAD001.onetakeda.com by onetakeda\nld7149 on 03/09/2019 04:42:03 AM
-- Deployed from JPTYOTAGAPT001 by onetakeda\nld7149 on 03/22/2019 01:41:42 PM</tes:description><tes:publicflag>N</tes:publicflag><tes:name>Veeva_Notify_Success</tes:name><tes:ownername>GLO-ACC-CRM DIL SUPP</tes:ownername><tes:type>1</tes:type></tes:emailaction></entry><entry><tes:emailaction><tes:message>This is a  test message.

Please disregard.  Testing for INC1038050</tes:message><tes:subject>&lt;JobParent&gt;\&lt;JobName&gt; has run</tes:subject><tes:otheraddress>kumaresan.m-t@takeda.com, itscheduling@tpna.com</tes:otheraddress><tes:description>-- Deployed from tidalm-dev by mpi\sysbhprakk on 04/21/2017 03:13:25 PM
-- Deployed from usbostlmt001 by onetakeda\nld7149 on 03/12/2019 02:38:20 AM
-- Deployed from JPTYOTAGAD001.onetakeda.com by onetakeda\nld7149 on 03/13/2019 12:26:10 AM
-- Deployed from JPTYOTAGAPT001 by onetakeda\nld7149 on 03/22/2019 01:43:36 PM</tes:description><tes:publicflag>Y</tes:publicflag><tes:name>TEST-SEND</tes:name><tes:ownername>GLO-ACC-CRM DIL SUPP</tes:ownername><tes:type>1</tes:type></tes:emailaction></entry></feed>