<?xml version="1.0" encoding="UTF-8"?><feed xmlns:tes="http://www.tidalsoftware.com/client/tesservlet"><entry><tes:eventjobjoin><tes:eventtrigger>2</tes:eventtrigger><tes:triggername>SVCNOW-CREATE-P2-INCIDENT</tes:triggername><tes:eventlevel>9</tes:eventlevel><tes:triggertype>1</tes:triggertype><tes:jobname>VEEVA_JAPAN</tes:jobname><tes:actionorder>1</tes:actionorder><tes:fullpath>\VEEVA_JAPAN</tes:fullpath></tes:eventjobjoin></entry><entry><tes:eventjobjoin><tes:eventtrigger>12</tes:eventtrigger><tes:triggername>SVCNOW-CREATE-P2-INCIDENT-ERR</tes:triggername><tes:eventlevel>9</tes:eventlevel><tes:triggertype>1</tes:triggertype><tes:jobname>VEEVA_JAPAN</tes:jobname><tes:actionorder>2</tes:actionorder><tes:fullpath>\VEEVA_JAPAN</tes:fullpath></tes:eventjobjoin></entry><entry><tes:eventjobjoin><tes:eventtrigger>3</tes:eventtrigger><tes:triggertype>0</tes:triggertype><tes:triggername>Veeva_Event_Success</tes:triggername><tes:eventlevel>0</tes:eventlevel><tes:jobparentname>\VEEVA_JAPAN</tes:jobparentname><tes:jobname>VEEVA_UPLOAD</tes:jobname><tes:actionorder>1</tes:actionorder><tes:fullpath>\VEEVA_JAPAN\VEEVA_UPLOAD</tes:fullpath></tes:eventjobjoin></entry><entry><tes:eventjobjoin><tes:eventtrigger>2</tes:eventtrigger><tes:triggertype>0</tes:triggertype><tes:triggername>EM_FAILURE_NOTIFY_EVENT</tes:triggername><tes:eventlevel>0</tes:eventlevel><tes:jobparentname>\VEEVA_JAPAN\VEEVA_UPLOAD\MULTICHANNEL_ACTIVITY_INTERFACE_M3</tes:jobparentname><tes:jobname>010-M3_HTTPS_FILES</tes:jobname><tes:actionorder>1</tes:actionorder><tes:fullpath>\VEEVA_JAPAN\VEEVA_UPLOAD\MULTICHANNEL_ACTIVITY_INTERFACE_M3\010-M3_HTTPS_FILES</tes:fullpath></tes:eventjobjoin></entry><entry><tes:eventjobjoin><tes:eventtrigger>1</tes:eventtrigger><tes:triggertype>0</tes:triggertype><tes:triggername>TEST-INC1038050</tes:triggername><tes:eventlevel>0</tes:eventlevel><tes:jobparentname>\VEEVA_JAPAN\VEEVA_UPLOAD\MULTICHANNEL_ACTIVITY_INTERFACE_M3</tes:jobparentname><tes:jobname>010-M3_HTTPS_FILES</tes:jobname><tes:actionorder>1</tes:actionorder><tes:fullpath>\VEEVA_JAPAN\VEEVA_UPLOAD\MULTICHANNEL_ACTIVITY_INTERFACE_M3\010-M3_HTTPS_FILES</tes:fullpath></tes:eventjobjoin></entry><entry><tes:eventjobjoin><tes:eventtrigger>2</tes:eventtrigger><tes:triggertype>0</tes:triggertype><tes:triggername>VEEVA-SERVICENOW-TRIGGER</tes:triggername><tes:eventlevel>0</tes:eventlevel><tes:jobparentname>\VEEVA_JAPAN\VEEVA_UPLOAD\MULTICHANNEL_ACTIVITY_INTERFACE_M3</tes:jobparentname><tes:jobname>010-M3_HTTPS_FILES</tes:jobname><tes:actionorder>1</tes:actionorder><tes:fullpath>\VEEVA_JAPAN\VEEVA_UPLOAD\MULTICHANNEL_ACTIVITY_INTERFACE_M3\010-M3_HTTPS_FILES</tes:fullpath></tes:eventjobjoin></entry><entry><tes:eventjobjoin><tes:eventtrigger>12</tes:eventtrigger><tes:triggertype>0</tes:triggertype><tes:triggername>Veeva_Event_Error</tes:triggername><tes:eventlevel>0</tes:eventlevel><tes:jobparentname>\VEEVA_JAPAN\VEEVA_UPLOAD\MULTICHANNEL_ACTIVITY_INTERFACE_M3</tes:jobparentname><tes:jobname>010-M3_HTTPS_FILES</tes:jobname><tes:actionorder>1</tes:actionorder><tes:fullpath>\VEEVA_JAPAN\VEEVA_UPLOAD\MULTICHANNEL_ACTIVITY_INTERFACE_M3\010-M3_HTTPS_FILES</tes:fullpath></tes:eventjobjoin></entry><entry><tes:eventjobjoin><tes:eventtrigger>2</tes:eventtrigger><tes:triggertype>0</tes:triggertype><tes:triggername>Veeva_Event_Failure</tes:triggername><tes:eventlevel>0</tes:eventlevel><tes:jobparentname>\VEEVA_JAPAN\VEEVA_UPLOAD\MULTICHANNEL_ACTIVITY_INTERFACE_M3</tes:jobparentname><tes:jobname>010-M3_HTTPS_FILES</tes:jobname><tes:actionorder>1</tes:actionorder><tes:fullpath>\VEEVA_JAPAN\VEEVA_UPLOAD\MULTICHANNEL_ACTIVITY_INTERFACE_M3\010-M3_HTTPS_FILES</tes:fullpath></tes:eventjobjoin></entry></feed>