<?xml version="1.0" encoding="UTF-8"?><feed xmlns:tes="http://www.tidalsoftware.com/client/tesservlet"><entry><tes:events><tes:triggerid>2</tes:triggerid><tes:description>-- Updated from tidalm-dev by mpi\systocrice on 07/07/2017 11:52:50 AM
-- Deployed from usbostlmt001 by mpi\syschpatta on 06/28/2018 06:12:18 AM
-- Deployed from usbostlmp001 by onetakeda\nld7149 on 02/15/2019 06:11:21 AM
-- Deployed from JPTYOTAGAD001.onetakeda.com by onetakeda\nld7149 on 03/10/2019 12:54:40 AM
-- Deployed from JPTYOTAGAPT001 by onetakeda\nld7149 on 03/22/2019 03:03:52 PM</tes:description><tes:active>Y</tes:active><tes:monitor>1</tes:monitor><tes:maxreruns>0</tes:maxreruns><tes:name>EM_FAILURE_NOTIFY_EVENT</tes:name><tes:eventtype>1</tes:eventtype><tes:pub>N</tes:pub><tes:alljobs>N</tes:alljobs><tes:repeatinterval>0</tes:repeatinterval><tes:jobcontrol>0</tes:jobcontrol><tes:ownername>GLO-ACC-CRM DIL SUPP</tes:ownername></tes:events></entry><entry><tes:events><tes:triggerid>2</tes:triggerid><tes:description>-- Deployed from tidalm-dev by mpi\sysbhprakk on 04/21/2017 03:13:24 PM
-- Deployed from usbostlmt001 by mpi\sysbhprakk on 04/21/2017 03:20:22 PM
-- Deployed from usbostlmp001 by onetakeda\nld7149 on 02/15/2019 06:12:12 AM
-- Deployed from JPTYOTAGAD001.onetakeda.com by onetakeda\nld7149 on 03/10/2019 12:53:58 AM
-- Deployed from JPTYOTAGAPT001 by onetakeda\nld7149 on 03/22/2019 03:03:55 PM</tes:description><tes:active>N</tes:active><tes:monitor>1</tes:monitor><tes:maxreruns>0</tes:maxreruns><tes:name>VEEVA-SERVICENOW-TRIGGER</tes:name><tes:eventtype>1</tes:eventtype><tes:pub>Y</tes:pub><tes:alljobs>N</tes:alljobs><tes:repeatinterval>0</tes:repeatinterval><tes:jobcontrol>0</tes:jobcontrol><tes:ownername>GLO-ACC-CRM DIL SUPP</tes:ownername></tes:events></entry><entry><tes:events><tes:triggerid>1</tes:triggerid><tes:description>-- Deployed from JPTYOTAGAD001.onetakeda.com by onetakeda\nld7149 on 03/13/2019 12:26:32 AM
-- Deployed from JPTYOTAGAPT001 by onetakeda\nld7149 on 03/22/2019 03:03:56 PM</tes:description><tes:active>N</tes:active><tes:monitor>1</tes:monitor><tes:maxreruns>0</tes:maxreruns><tes:name>TEST-INC1038050</tes:name><tes:eventtype>1</tes:eventtype><tes:pub>Y</tes:pub><tes:alljobs>N</tes:alljobs><tes:repeatinterval>0</tes:repeatinterval><tes:jobcontrol>0</tes:jobcontrol><tes:ownername>GLO-ACC-CRM DIL SUPP</tes:ownername></tes:events></entry><entry><tes:events><tes:triggerid>2</tes:triggerid><tes:description>-- Updated from tidalm-dev by mpi\systocrice on 12/01/2017 08:23:08 AM
-- Deployed from usbostlmt001 by mpi\systocrice on 12/13/2017 01:34:44 PM
-- Deployed from usbostlmp001 by onetakeda\nld7149 on 03/20/2019 11:56:47 AM</tes:description><tes:active>Y</tes:active><tes:monitor>1</tes:monitor><tes:maxreruns>0</tes:maxreruns><tes:name>SVCNOW-CREATE-P2-INCIDENT</tes:name><tes:eventtype>1</tes:eventtype><tes:pub>N</tes:pub><tes:alljobs>N</tes:alljobs><tes:repeatinterval>0</tes:repeatinterval><tes:jobcontrol>0</tes:jobcontrol><tes:ownername>GLO-ACC-TIDAL APPS SUPP</tes:ownername></tes:events></entry><entry><tes:events><tes:triggerid>12</tes:triggerid><tes:description>-- Updated from tidalm-dev by mpi\systocrice on 12/01/2017 08:23:08 AM
-- Deployed from usbostlmt001 by mpi\systocrice on 12/13/2017 01:34:44 PM
-- Deployed from usbostlmp001 by onetakeda\nld7149 on 03/20/2019 11:56:52 AM</tes:description><tes:active>Y</tes:active><tes:monitor>1</tes:monitor><tes:maxreruns>0</tes:maxreruns><tes:name>SVCNOW-CREATE-P2-INCIDENT-ERR</tes:name><tes:eventtype>1</tes:eventtype><tes:pub>N</tes:pub><tes:alljobs>N</tes:alljobs><tes:repeatinterval>0</tes:repeatinterval><tes:jobcontrol>0</tes:jobcontrol><tes:ownername>GLO-ACC-TIDAL APPS SUPP</tes:ownername></tes:events></entry><entry><tes:events><tes:triggerid>3</tes:triggerid><tes:description>-- Deployed from tidalm-dev by MPI\systocrice on 02/27/2017 02:15:28 PM
-- Deployed from usbostlmt001 by mpi\sysbhprakk on 04/21/2017 03:20:24 PM
-- Deployed from usbostlmp001 by onetakeda\nld7149 on 02/15/2019 06:15:16 AM
-- Deployed from JPTYOTAGAD001.onetakeda.com by onetakeda\nld7149 on 03/10/2019 12:50:27 AM
-- Deployed from JPTYOTAGAPT001 by onetakeda\nld7149 on 03/22/2019 03:04:07 PM</tes:description><tes:active>Y</tes:active><tes:monitor>1</tes:monitor><tes:maxreruns>0</tes:maxreruns><tes:name>Veeva_Event_Success</tes:name><tes:eventtype>1</tes:eventtype><tes:pub>N</tes:pub><tes:alljobs>N</tes:alljobs><tes:repeatinterval>0</tes:repeatinterval><tes:jobcontrol>0</tes:jobcontrol><tes:ownername>GLO-ACC-CRM DIL SUPP</tes:ownername></tes:events></entry><entry><tes:events><tes:triggerid>2</tes:triggerid><tes:description>-- Deployed from tidalm-dev by MPI\systocrice on 02/27/2017 02:15:26 PM
-- Deployed from usbostlmt001 by mpi\sysbhprakk on 04/21/2017 03:20:24 PM
-- Deployed from usbostlmp001 by onetakeda\nld7149 on 02/15/2019 06:15:37 AM
-- Deployed from JPTYOTAGAD001.onetakeda.com by onetakeda\nld7149 on 03/10/2019 12:49:55 AM
-- Deployed from JPTYOTAGAPT001 by onetakeda\nld7149 on 03/22/2019 03:04:08 PM</tes:description><tes:active>Y</tes:active><tes:monitor>1</tes:monitor><tes:maxreruns>0</tes:maxreruns><tes:name>Veeva_Event_Failure</tes:name><tes:eventtype>1</tes:eventtype><tes:pub>N</tes:pub><tes:alljobs>N</tes:alljobs><tes:repeatinterval>0</tes:repeatinterval><tes:jobcontrol>0</tes:jobcontrol><tes:ownername>GLO-ACC-CRM DIL SUPP</tes:ownername></tes:events></entry><entry><tes:events><tes:triggerid>12</tes:triggerid><tes:description>-- Deployed from tidalm-dev by mpi\systocrice on 03/24/2017 08:23:18 AM
-- Deployed from usbostlmt001 by mpi\sysbhprakk on 04/21/2017 03:20:23 PM
-- Deployed from usbostlmp001 by onetakeda\nld7149 on 02/15/2019 06:15:58 AM
-- Deployed from JPTYOTAGAD001.onetakeda.com by onetakeda\nld7149 on 03/10/2019 12:49:30 AM
-- Deployed from JPTYOTAGAPT001 by onetakeda\nld7149 on 03/22/2019 03:04:09 PM</tes:description><tes:active>Y</tes:active><tes:monitor>1</tes:monitor><tes:maxreruns>0</tes:maxreruns><tes:name>Veeva_Event_Error</tes:name><tes:eventtype>1</tes:eventtype><tes:pub>N</tes:pub><tes:alljobs>N</tes:alljobs><tes:repeatinterval>0</tes:repeatinterval><tes:jobcontrol>0</tes:jobcontrol><tes:ownername>GLO-ACC-CRM DIL SUPP</tes:ownername></tes:events></entry></feed>