<?xml version="1.0" encoding="UTF-8"?><feed xmlns:tes="http://www.tidalsoftware.com/client/tesservlet"><entry><tes:eventactionjoin><tes:actiontype>1</tes:actiontype><tes:rerunmax>0</tes:rerunmax><tes:type>0</tes:type><tes:actionname>Veeva-Notify-Failure</tes:actionname><tes:actionorder>1</tes:actionorder><tes:repeatinterval>0</tes:repeatinterval><tes:jobcontrol>0</tes:jobcontrol><tes:name>EM_FAILURE_NOTIFY_EVENT</tes:name><tes:eventtype>1</tes:eventtype></tes:eventactionjoin></entry><entry><tes:eventactionjoin><tes:actiontype>1</tes:actiontype><tes:rerunmax>0</tes:rerunmax><tes:type>0</tes:type><tes:actionname>VEEVA-JAPAN-SERVICENOW</tes:actionname><tes:actionorder>1</tes:actionorder><tes:repeatinterval>0</tes:repeatinterval><tes:jobcontrol>0</tes:jobcontrol><tes:name>VEEVA-SERVICENOW-TRIGGER</tes:name><tes:eventtype>1</tes:eventtype></tes:eventactionjoin></entry><entry><tes:eventactionjoin><tes:actiontype>1</tes:actiontype><tes:rerunmax>0</tes:rerunmax><tes:type>0</tes:type><tes:actionname>TEST-SEND</tes:actionname><tes:actionorder>1</tes:actionorder><tes:repeatinterval>0</tes:repeatinterval><tes:jobcontrol>0</tes:jobcontrol><tes:name>TEST-INC1038050</tes:name><tes:eventtype>1</tes:eventtype></tes:eventactionjoin></entry><entry><tes:eventactionjoin><tes:actiontype>4</tes:actiontype><tes:rerunmax>0</tes:rerunmax><tes:type>0</tes:type><tes:actionname>SVCNOW-CREATE-P2-INCIDENT</tes:actionname><tes:actionorder>1</tes:actionorder><tes:repeatinterval>0</tes:repeatinterval><tes:jobcontrol>0</tes:jobcontrol><tes:name>SVCNOW-CREATE-P2-INCIDENT</tes:name><tes:eventtype>1</tes:eventtype></tes:eventactionjoin></entry><entry><tes:eventactionjoin><tes:actiontype>4</tes:actiontype><tes:rerunmax>0</tes:rerunmax><tes:type>0</tes:type><tes:actionname>SVCNOW-CREATE-P2-INCIDENT</tes:actionname><tes:actionorder>1</tes:actionorder><tes:repeatinterval>0</tes:repeatinterval><tes:jobcontrol>0</tes:jobcontrol><tes:name>SVCNOW-CREATE-P2-INCIDENT-ERR</tes:name><tes:eventtype>1</tes:eventtype></tes:eventactionjoin></entry><entry><tes:eventactionjoin><tes:actiontype>1</tes:actiontype><tes:rerunmax>0</tes:rerunmax><tes:type>0</tes:type><tes:actionname>Veeva_Notify_Success</tes:actionname><tes:actionorder>1</tes:actionorder><tes:repeatinterval>0</tes:repeatinterval><tes:jobcontrol>0</tes:jobcontrol><tes:name>Veeva_Event_Success</tes:name><tes:eventtype>1</tes:eventtype></tes:eventactionjoin></entry><entry><tes:eventactionjoin><tes:actiontype>1</tes:actiontype><tes:rerunmax>0</tes:rerunmax><tes:type>0</tes:type><tes:actionname>Veeva_Notify_Failure</tes:actionname><tes:actionorder>1</tes:actionorder><tes:repeatinterval>0</tes:repeatinterval><tes:jobcontrol>0</tes:jobcontrol><tes:name>Veeva_Event_Failure</tes:name><tes:eventtype>1</tes:eventtype></tes:eventactionjoin></entry><entry><tes:eventactionjoin><tes:actiontype>1</tes:actiontype><tes:rerunmax>0</tes:rerunmax><tes:type>0</tes:type><tes:actionname>Veeva-Notify-Error</tes:actionname><tes:actionorder>1</tes:actionorder><tes:repeatinterval>0</tes:repeatinterval><tes:jobcontrol>0</tes:jobcontrol><tes:name>Veeva_Event_Error</tes:name><tes:eventtype>1</tes:eventtype></tes:eventactionjoin></entry></feed>