<?xml version="1.0" encoding="UTF-8"?><feed xmlns:tes="http://www.tidalsoftware.com/client/tesservlet"><entry><tes:job><tes:allowunscheduled>Y</tes:allowunscheduled><tes:notes>-- Deployed from tidalm-dev by mpi\sysbhprakk on 07/12/2017 01:18:32 PM
-- Deployed from usbostlmt001 by mpi\systocrice on 08/16/2017 03:24:03 PM
-- Updated from usbostlmt001 by mpi\systocrice on 08/16/2017 03:51:42 PM
-- Updated from usbostlmt001 by mpi\sysphkadus on 09/12/2017 02:47:59 PM
-- Deployed from usbostlmp001 by onetakeda\nld7149 on 02/22/2019 05:31:23 AM
-- Deployed from JPTYOTAGAD001.onetakeda.com by onetakeda\nld7149 on 03/14/2019 11:47:09 PM
-- Deployed from JPTYOTAGAPT001 by onetakeda\nld7149 on 03/22/2019 09:51:54 PM</tes:notes><tes:type>1</tes:type><tes:dependencylogic>1</tes:dependencylogic><tes:agenttype>11</tes:agenttype><tes:normalexittorange>0</tes:normalexittorange><tes:workingdirectory>NULL_VALUE</tes:workingdirectory><tes:historyretention>30</tes:historyretention><tes:childrencount>6</tes:childrencount><tes:durationminimum>60</tes:durationminimum><tes:normalexitfromrange>0</tes:normalexitfromrange><tes:isrunbook>false</tes:isrunbook><tes:active>Y</tes:active><tes:jobclassname>VEEVA CRM [JAPAN]_PRD_ASIA</tes:jobclassname><tes:priority>50</tes:priority><tes:businessunitname>JAPAN</tes:businessunitname><tes:estimatedmethod>1</tes:estimatedmethod><tes:rerundependency>N</tes:rerundependency><tes:agentname>JAPAN INFA 10.1</tes:agentname><tes:name>VEEVA_JAPAN</tes:name><tes:isnotes>false</tes:isnotes><tes:environmentfile>NULL_VALUE</tes:environmentfile><tes:inheritoptions>N</tes:inheritoptions><tes:parameters>NULL_VALUE</tes:parameters><tes:inheritrepeat>N</tes:inheritrepeat><tes:predecessorsvalue>N</tes:predecessorsvalue><tes:allowrerun>Y</tes:allowrerun><tes:exitcodenormaloperator>1</tes:exitcodenormaloperator><tes:inheritcalendar>N</tes:inheritcalendar><tes:durationmaximum>60</tes:durationmaximum><tes:calendarname>Daily</tes:calendarname><tes:inheritagent>N</tes:inheritagent><tes:successorsvalue>N</tes:successorsvalue><tes:saveoutputoption>Y</tes:saveoutputoption><tes:inherittimewindow>N</tes:inherittimewindow><tes:excludeabnormalduration>4</tes:excludeabnormalduration><tes:fullpath>\VEEVA_JAPAN</tes:fullpath><tes:repeat/><tes:waitOperator>N</tes:waitOperator><tes:alias>10666A</tes:alias><tes:trackingmethod>1</tes:trackingmethod><tes:agentostype>12</tes:agentostype><tes:unixprofile>8192</tes:unixprofile><tes:variables>NULL_VALUE</tes:variables><tes:timewindowoption>0</tes:timewindowoption><tes:disablecarryover>0</tes:disablecarryover><tes:alternateoutputfile>NULL_VALUE</tes:alternateoutputfile><tes:nearoutage>3</tes:nearoutage><tes:concurrency>1</tes:concurrency><tes:runtimeusername>veeva</tes:runtimeusername><tes:ownername>GLO-ACC-CRM DIL SUPP</tes:ownername></tes:job></entry><entry><tes:job><tes:allowunscheduled>Y</tes:allowunscheduled><tes:notes>-- Deployed from tidalm-dev by mpi\sysbhprakk on 07/12/2017 01:24:02 PM
-- Deployed from usbostlmt001 by mpi\systocrice on 08/16/2017 03:30:05 PM
-- Updated from usbostlmt001 by mpi\systocrice on 08/16/2017 03:56:01 PM
-- Updated from usbostlmt001 by mpi\sysphkadus on 09/12/2017 02:48:35 PM
-- Deployed from usbostlmp001 by onetakeda\nld7149 on 02/22/2019 05:34:20 AM
-- Deployed from JPTYOTAGAD001.onetakeda.com by onetakeda\nld7149 on 03/14/2019 11:47:40 PM
-- Deployed from JPTYOTAGAPT001 by onetakeda\nld7149 on 03/22/2019 09:52:00 PM</tes:notes><tes:type>1</tes:type><tes:dependencylogic>1</tes:dependencylogic><tes:agenttype>6</tes:agenttype><tes:normalexittorange>0</tes:normalexittorange><tes:workingdirectory>NULL_VALUE</tes:workingdirectory><tes:historyretention>30</tes:historyretention><tes:calendaroffset>0</tes:calendaroffset><tes:childrencount>16</tes:childrencount><tes:durationminimum>60</tes:durationminimum><tes:normalexitfromrange>0</tes:normalexitfromrange><tes:isrunbook>false</tes:isrunbook><tes:active>Y</tes:active><tes:jobclassname>VEEVA CRM [JAPAN]_PRD_ASIA</tes:jobclassname><tes:priority>50</tes:priority><tes:businessunitname>JAPAN</tes:businessunitname><tes:estimatedmethod>1</tes:estimatedmethod><tes:rerundependency>N</tes:rerundependency><tes:agentname>JPTKXICSP001</tes:agentname><tes:domain>ONETAKEDA</tes:domain><tes:name>VEEVA_UPLOAD</tes:name><tes:isnotes>false</tes:isnotes><tes:environmentfile>NULL_VALUE</tes:environmentfile><tes:inheritoptions>Y</tes:inheritoptions><tes:parameters>NULL_VALUE</tes:parameters><tes:inheritrepeat>Y</tes:inheritrepeat><tes:predecessorsvalue>N</tes:predecessorsvalue><tes:parentname>\VEEVA_JAPAN</tes:parentname><tes:allowrerun>Y</tes:allowrerun><tes:exitcodenormaloperator>1</tes:exitcodenormaloperator><tes:inheritcalendar>Y</tes:inheritcalendar><tes:durationmaximum>60</tes:durationmaximum><tes:inheritagent>N</tes:inheritagent><tes:successorsvalue>N</tes:successorsvalue><tes:saveoutputoption>Y</tes:saveoutputoption><tes:inherittimewindow>N</tes:inherittimewindow><tes:excludeabnormalduration>4</tes:excludeabnormalduration><tes:fullpath>\VEEVA_JAPAN\VEEVA_UPLOAD</tes:fullpath><tes:repeat/><tes:waitOperator>N</tes:waitOperator><tes:alias>10962A</tes:alias><tes:trackingmethod>1</tes:trackingmethod><tes:agentostype>1</tes:agentostype><tes:unixprofile>8192</tes:unixprofile><tes:variables>NULL_VALUE</tes:variables><tes:timewindowoption>0</tes:timewindowoption><tes:parentactive>Y</tes:parentactive><tes:disablecarryover>1</tes:disablecarryover><tes:alternateoutputfile>NULL_VALUE</tes:alternateoutputfile><tes:nearoutage>3</tes:nearoutage><tes:concurrency>1</tes:concurrency><tes:runtimeusername>ONETAKEDA\SVC-Tidal</tes:runtimeusername><tes:ownername>GLO-ACC-CRM DIL SUPP</tes:ownername></tes:job></entry><entry><tes:job><tes:allowunscheduled>Y</tes:allowunscheduled><tes:notes>-- Deployed from tidalm-dev by takedapharm\sagpatil on 09/11/2018 06:11:22 AM
-- Updated from tidalm-dev by onetakeda\wjj9792 on 09/13/2018 08:46:36 AM
-- Deployed from usbostlmt001 by onetakeda\nld7149 on 03/12/2019 02:41:26 AM
-- Deployed from JPTYOTAGAD001.onetakeda.com by onetakeda\sagpatil on 05/13/2019 03:53:54 PM
-- Updated from JPTYOTAGAD001.onetakeda.com by onetakeda\sagpatil on 05/13/2019 06:07:29 PM
-- Deployed from JPTYOTAGAPT001 by onetakeda\sagpatil on 05/31/2019 03:50:16 PM</tes:notes><tes:type>1</tes:type><tes:dependencylogic>1</tes:dependencylogic><tes:timewindowfromtime>2019-04-30T10:30:00+0000</tes:timewindowfromtime><tes:timewindowfromtimeasstring>20190430103000</tes:timewindowfromtimeasstring><tes:normalexittorange>0</tes:normalexittorange><tes:workingdirectory>NULL_VALUE</tes:workingdirectory><tes:historyretention>30</tes:historyretention><tes:calendaroffset>0</tes:calendaroffset><tes:childrencount>14</tes:childrencount><tes:durationminimum>60</tes:durationminimum><tes:normalexitfromrange>0</tes:normalexitfromrange><tes:isrunbook>false</tes:isrunbook><tes:active>Y</tes:active><tes:priority>50</tes:priority><tes:businessunitname>JAPAN</tes:businessunitname><tes:estimatedmethod>1</tes:estimatedmethod><tes:rerundependency>N</tes:rerundependency><tes:name>MULTICHANNEL_ACTIVITY_INTERFACE_M3</tes:name><tes:isnotes>false</tes:isnotes><tes:environmentfile>NULL_VALUE</tes:environmentfile><tes:inheritoptions>Y</tes:inheritoptions><tes:parameters>NULL_VALUE</tes:parameters><tes:inheritrepeat>Y</tes:inheritrepeat><tes:predecessorsvalue>N</tes:predecessorsvalue><tes:parentname>\VEEVA_JAPAN\VEEVA_UPLOAD</tes:parentname><tes:allowrerun>Y</tes:allowrerun><tes:exitcodenormaloperator>1</tes:exitcodenormaloperator><tes:inheritcalendar>Y</tes:inheritcalendar><tes:durationmaximum>60</tes:durationmaximum><tes:inheritagent>N</tes:inheritagent><tes:successorsvalue>Y</tes:successorsvalue><tes:saveoutputoption>Y</tes:saveoutputoption><tes:inherittimewindow>N</tes:inherittimewindow><tes:excludeabnormalduration>4</tes:excludeabnormalduration><tes:fullpath>\VEEVA_JAPAN\VEEVA_UPLOAD\MULTICHANNEL_ACTIVITY_INTERFACE_M3</tes:fullpath><tes:repeat/><tes:waitOperator>N</tes:waitOperator><tes:alias>13765A</tes:alias><tes:trackingmethod>1</tes:trackingmethod><tes:unixprofile>8192</tes:unixprofile><tes:variables>NULL_VALUE</tes:variables><tes:timewindowoption>0</tes:timewindowoption><tes:parentactive>Y</tes:parentactive><tes:disablecarryover>1</tes:disablecarryover><tes:alternateoutputfile>NULL_VALUE</tes:alternateoutputfile><tes:nearoutage>3</tes:nearoutage><tes:concurrency>1</tes:concurrency><tes:ownername>GLO-ACC-CRM DIL SUPP</tes:ownername></tes:job></entry><entry><tes:job><tes:allowunscheduled>Y</tes:allowunscheduled><tes:notes>-- Updated from tidalm-dev by mpi\systocrice on 07/05/2017 03:06:46 PM
-- Deployed from usbostlmt001 by onetakeda\nld7149 on 03/12/2019 02:41:48 AM
-- Deployed from JPTYOTAGAD001.onetakeda.com by onetakeda\sagpatil on 05/13/2019 06:07:38 PM
-- Deployed from JPTYOTAGAPT001 by onetakeda\sagpatil on 05/31/2019 03:50:20 PM</tes:notes><tes:type>2</tes:type><tes:dependencylogic>1</tes:dependencylogic><tes:agenttype>6</tes:agenttype><tes:normalexittorange>0</tes:normalexittorange><tes:workingdirectory>NULL_VALUE</tes:workingdirectory><tes:historyretention>30</tes:historyretention><tes:calendaroffset>0</tes:calendaroffset><tes:childrencount>0</tes:childrencount><tes:durationminimum>60</tes:durationminimum><tes:normalexitfromrange>0</tes:normalexitfromrange><tes:isrunbook>false</tes:isrunbook><tes:active>Y</tes:active><tes:extendedinfo>&lt;?xml version="1.0" encoding="UTF-8" standalone="no"?&gt;&lt;agent&gt;&lt;UsePasswordWinJob&gt;SC&lt;/UsePasswordWinJob&gt;&lt;/agent&gt;</tes:extendedinfo><tes:priority>50</tes:priority><tes:businessunitname>JAPAN</tes:businessunitname><tes:estimatedmethod>1</tes:estimatedmethod><tes:rerundependency>N</tes:rerundependency><tes:agentname>JPOSADIHP002</tes:agentname><tes:name>010-M3_HTTPS_FILES</tes:name><tes:isnotes>false</tes:isnotes><tes:environmentfile>NULL_VALUE</tes:environmentfile><tes:parameters>0</tes:parameters><tes:inheritoptions>Y</tes:inheritoptions><tes:inheritrepeat>Y</tes:inheritrepeat><tes:predecessorsvalue>N</tes:predecessorsvalue><tes:parentname>\VEEVA_JAPAN\VEEVA_UPLOAD\MULTICHANNEL_ACTIVITY_INTERFACE_M3</tes:parentname><tes:allowrerun>Y</tes:allowrerun><tes:exitcodenormaloperator>1</tes:exitcodenormaloperator><tes:inheritcalendar>Y</tes:inheritcalendar><tes:durationmaximum>60</tes:durationmaximum><tes:inheritagent>N</tes:inheritagent><tes:successorsvalue>Y</tes:successorsvalue><tes:saveoutputoption>Y</tes:saveoutputoption><tes:inherittimewindow>Y</tes:inherittimewindow><tes:excludeabnormalduration>4</tes:excludeabnormalduration><tes:fullpath>\VEEVA_JAPAN\VEEVA_UPLOAD\MULTICHANNEL_ACTIVITY_INTERFACE_M3\010-M3_HTTPS_FILES</tes:fullpath><tes:repeat/><tes:waitOperator>N</tes:waitOperator><tes:alias>12910A</tes:alias><tes:trackingmethod>1</tes:trackingmethod><tes:agentostype>2</tes:agentostype><tes:unixprofile>8192</tes:unixprofile><tes:timewindowoption>0</tes:timewindowoption><tes:parentactive>Y</tes:parentactive><tes:disablecarryover>1</tes:disablecarryover><tes:alternateoutputfile>NULL_VALUE</tes:alternateoutputfile><tes:nearoutage>3</tes:nearoutage><tes:command>/shared/veeva/infa_shared/Scripts/M3/M3_HTTP_FILES.sh</tes:command><tes:concurrency>1</tes:concurrency><tes:runtimeusername>veeva</tes:runtimeusername><tes:ownername>GLO-ACC-CRM DIL SUPP</tes:ownername></tes:job></entry></feed>