<?xml version="1.0" encoding="UTF-8"?><feed xmlns:tes="http://www.tidalsoftware.com/client/tesservlet"><entry><tes:jobaction><tes:jobname>SVCNOW-CREATE-INCIDENT:JOB-FAILURE</tes:jobname><tes:variables>configitem=&lt;JobQueue&gt;,subject=&lt;JobParent&gt;\\&lt;JobName&gt; has failed,output=JobRunID &lt;JobID&gt; for &lt;JobOwner&gt; gave exit code &lt;JobExit&gt; at &lt;JobFinish.HH:mm&gt; for status of &lt;JobStatus&gt;,
urgency=2,impact=2,
owner=&lt;JobOwner&gt;</tes:variables><tes:variables>configitem=&lt;JobQueue&gt;,subject=&lt;JobParent&gt;\\&lt;JobName&gt; has failed,output=JobRunID &lt;JobID&gt; for &lt;JobOwner&gt; gave exit code &lt;JobExit&gt; at &lt;JobFinish.HH:mm&gt; for status of &lt;JobStatus&gt;,
urgency=2,impact=2,
owner=&lt;JobOwner&gt;</tes:variables><tes:description>-- Updated from tidalm-dev by mpi\systocrice on 12/01/2017 01:49:11 PM
-- Deployed from usbostlmt001 by mpi\systocrice on 12/13/2017 01:39:24 PM
-- Deployed from usbostlmp001 by onetakeda\nld7149 on 03/20/2019 11:54:22 AM</tes:description><tes:publicflag>Y</tes:publicflag><tes:name>SVCNOW-CREATE-P2-INCIDENT</tes:name><tes:fullpath>\SVCNOW-CREATE-INCIDENT:JOB-FAILURE</tes:fullpath><tes:ownername>GLO-ACC-TIDAL APPS SUPP</tes:ownername><tes:type>4</tes:type></tes:jobaction></entry></feed>