<?xml version="1.0" encoding="UTF-8"?><feed xmlns:tes="http://www.tidalsoftware.com/client/tesservlet"><entry><tes:resource><tes:available>12</tes:available><tes:description>-- Deployed from usbostlmp001 by onetakeda\nld7149 on 03/20/2019 01:17:33 AM</tes:description><tes:roffline>0</tes:roffline><tes:active>Y</tes:active><tes:resourcetype>1</tes:resourcetype><tes:name>VEEVA-INFA-CLOUD-JOBS</tes:name><tes:limit>12</tes:limit><tes:publicflag>Y</tes:publicflag><tes:inuse>0</tes:inuse><tes:locked>0</tes:locked><tes:ownername>GLO-ACC-CRM DIL SUPP</tes:ownername></tes:resource></entry></feed>