<?xml version="1.0" encoding="UTF-8"?><feed xmlns:tes="http://www.tidalsoftware.com/client/tesservlet"><entry><tes:variable><tes:lastvalue>TEST</tes:lastvalue><tes:description>To indicate in email where message originated.

-- Deployed from tidalm-dev by mpi\systocrice on 07/07/2017 11:50:58 AM
-- Deployed from usbostlmt001 by onetakeda\nld7149 on 03/07/2019 11:55:39 PM
-- Deployed from JPTYOTAGAPT001 by onetakeda\nld7149 on 03/19/2019 10:06:38 AM</tes:description><tes:innervalue>PROD</tes:innervalue><tes:type>1</tes:type><tes:readonly>N</tes:readonly><tes:publish>N</tes:publish><tes:name>VEEVA-ENV-STRING</tes:name><tes:calc>N</tes:calc><tes:pub>Y</tes:pub><tes:ownername>GLO-ACC-CRM DIL SUPP</tes:ownername></tes:variable></entry></feed>