<?xml version="1.0" encoding="UTF-8" standalone="yes"?><entry xmlns="http://purl.org/atom/ns#"><id>5</id><title>JAPAN</title><category term="0" scheme="row" label=""/><category term="0" scheme="level" label=""/><category term="111111111111111111111111" scheme="securitypolicy" label=""/><category term="000000000000000000000000" scheme="customsecuritypolicy" label=""/><category term="1" scheme="count" label=""/><category term="N" scheme="changedOnly" label=""/><category term="" scheme="groupNameRecordPosition" label=""/><category term="0" scheme="jobOrJobRunRecordPosition" label=""/><source>com.tidalsoft.webclient.tes.dsp.db.datatypes.BusinessUnit</source><tes:businessunit xmlns:tes="http://www.tidalsoftware.com/client/tesservlet"><tes:tzname>Japan Standard Time</tes:tzname><tes:indsttzperiod>N</tes:indsttzperiod><tes:mastertzoffset>0</tes:mastertzoffset><tes:utctzoffset>32400</tes:utctzoffset><tes:dsttzoffset>0</tes:dsttzoffset><tes:active>Y</tes:active><tes:timezoneid>JST</tes:timezoneid><tes:publicflag>Y</tes:publicflag><tes:id>5</tes:id><tes:name>JAPAN</tes:name><tes:clientcachelastchangetime>2019-02-01T19:12:02+0000</tes:clientcachelastchangetime><tes:lastchangetime>2019-01-29T17:01:55+0000</tes:lastchangetime></tes:businessunit></entry>
