<?xml version="1.0" encoding="UTF-8" standalone="yes"?><feed version="0.3" xmlns="http://purl.org/atom/ns#"><title>tesPRDjp/tes:Node.getList</title><category term="0" scheme="row" label=""/><category term="0" scheme="level" label=""/><category term="111111111111111111111111" scheme="securitypolicy" label=""/><category term="000000000000000000000000" scheme="customsecuritypolicy" label=""/><category term="23" scheme="count" label=""/><category term="N" scheme="changedOnly" label=""/><category term="" scheme="groupNameRecordPosition" label=""/><category term="0" scheme="jobOrJobRunRecordPosition" label=""/><generator uri="http://www.tidalsoftware.com">TES</generator><modified>2019-07-03T12:08:14.014Z</modified><entry><id>-2</id><title>AAA_FAULT_MONITOR</title><category term="0" scheme="row" label=""/><category term="0" scheme="level" label=""/><category term="111111111111111111111111" scheme="securitypolicy" label=""/><category term="000000000000000000000000" scheme="customsecuritypolicy" label=""/><category term="23" scheme="count" label=""/><category term="N" scheme="changedOnly" label=""/><category term="" scheme="groupNameRecordPosition" label=""/><category term="0" scheme="jobOrJobRunRecordPosition" label=""/><link href="http://jptyotagcmp001.onetakeda.com:8080/api/tesPRDjp/Node.get/-2" rel="alternate" type="text/html" title="AAA_FAULT_MONITOR" length="0"/><source>com.tidalsoft.webclient.tes.dsp.db.datatypes.Node</source><modified>2019-01-29T19:51:46Z</modified><tes:node xmlns:tes="http://www.tidalsoftware.com/client/tesservlet"><tes:machine>JPTYOTAGFMP001.ONETAKEDA.COM</tes:machine><tes:lastusermodifiedtime>2019-01-29T19:51:46+0000</tes:lastusermodifiedtime><tes:timezone>Japan Standard Time</tes:timezone><tes:ostype>1</tes:ostype><tes:connectionactive>Y</tes:connectionactive><tes:activejobs>0</tes:activejobs><tes:agentversion>6.3.4.77</tes:agentversion><tes:name>AAA_FAULT_MONITOR</tes:name><tes:nodeuserid>0</tes:nodeuserid><tes:type>5</tes:type><tes:active>Y</tes:active><tes:id>-2</tes:id><tes:cachelastchangetime>2019-06-21T20:43:29+0000</tes:cachelastchangetime><tes:clientcachelastchangetime>2019-06-22T15:00:03+0000</tes:clientcachelastchangetime><tes:lastchangetime>2019-01-29T19:51:46+0000</tes:lastchangetime></tes:node></entry><entry><id>-1</id><title>AAA_BACKUP_MASTER</title><category term="1" scheme="row" label=""/><category term="0" scheme="level" label=""/><category term="111111111111111111111111" scheme="securitypolicy" label=""/><category term="000000000000000000000000" scheme="customsecuritypolicy" label=""/><link href="http://jptyotagcmp001.onetakeda.com:8080/api/tesPRDjp/Node.get/-1" rel="alternate" type="text/html" title="AAA_BACKUP_MASTER" length="0"/><source>com.tidalsoft.webclient.tes.dsp.db.datatypes.Node</source><modified>2019-04-26T20:21:01Z</modified><tes:node xmlns:tes="http://www.tidalsoftware.com/client/tesservlet"><tes:port>6704</tes:port><tes:machine>JPTYOTAGPAP002.ONETAKEDA.COM</tes:machine><tes:lastusermodifiedtime>2019-01-29T19:51:56+0000</tes:lastusermodifiedtime><tes:timezone>Japan Standard Time</tes:timezone><tes:ostype>1</tes:ostype><tes:connectionactive>Y</tes:connectionactive><tes:activejobs>0</tes:activejobs><tes:agentversion>6.3.4.77</tes:agentversion><tes:name>AAA_BACKUP_MASTER</tes:name><tes:nodeuserid>0</tes:nodeuserid><tes:type>4</tes:type><tes:active>Y</tes:active><tes:id>-1</tes:id><tes:cachelastchangetime>2019-06-26T14:23:37+0000</tes:cachelastchangetime><tes:clientcachelastchangetime>2019-06-26T14:23:38+0000</tes:clientcachelastchangetime><tes:lastchangetime>2019-04-26T20:21:01+0000</tes:lastchangetime></tes:node></entry><entry><id>1</id><title>AAA_PRIMARY_MASTER</title><category term="2" scheme="row" label=""/><category term="0" scheme="level" label=""/><category term="111111111111111111111111" scheme="securitypolicy" label=""/><category term="000000000000000000000000" scheme="customsecuritypolicy" label=""/><link href="http://jptyotagcmp001.onetakeda.com:8080/api/tesPRDjp/Node.get/1" rel="alternate" type="text/html" title="AAA_PRIMARY_MASTER" length="0"/><source>com.tidalsoft.webclient.tes.dsp.db.datatypes.Node</source><modified>2019-03-29T15:30:16Z</modified><tes:node xmlns:tes="http://www.tidalsoftware.com/client/tesservlet"><tes:port>5591</tes:port><tes:machine>JPTYOTAGPAP001</tes:machine><tes:lastusermodifiedtime>2019-03-29T15:30:16+0000</tes:lastusermodifiedtime><tes:timezone>Japan Standard Time</tes:timezone><tes:ostype>1</tes:ostype><tes:connectionactive>Y</tes:connectionactive><tes:activejobs>0</tes:activejobs><tes:agentversion>6.3.4.77</tes:agentversion><tes:name>AAA_PRIMARY_MASTER</tes:name><tes:type>1</tes:type><tes:active>Y</tes:active><tes:id>1</tes:id><tes:cachelastchangetime>2019-06-21T20:43:29+0000</tes:cachelastchangetime><tes:clientcachelastchangetime>2019-06-22T15:00:03+0000</tes:clientcachelastchangetime><tes:lastchangetime>2019-03-29T15:30:16+0000</tes:lastchangetime></tes:node></entry><entry><id>2</id><title>BBB_MASTER_AGENT</title><category term="3" scheme="row" label=""/><category term="0" scheme="level" label=""/><category term="111111111111111111111111" scheme="securitypolicy" label=""/><category term="000000000000000000000000" scheme="customsecuritypolicy" label=""/><link href="http://jptyotagcmp001.onetakeda.com:8080/api/tesPRDjp/Node.get/2" rel="alternate" type="text/html" title="BBB_MASTER_AGENT" length="0"/><source>com.tidalsoft.webclient.tes.dsp.db.datatypes.Node</source><modified>2019-01-31T18:29:52Z</modified><tes:node xmlns:tes="http://www.tidalsoftware.com/client/tesservlet"><tes:nodeinfo>&lt;connection&gt;&lt;outputlimit/&gt;&lt;/connection&gt;</tes:nodeinfo><tes:port>5912</tes:port><tes:joblimit>10</tes:joblimit><tes:machine>JPTYOTAGPAP001.ONETAKEDA.COM</tes:machine><tes:lastusermodifiedtime>2019-01-31T18:29:52+0000</tes:lastusermodifiedtime><tes:timezone>Tokyo Standard Time</tes:timezone><tes:agentload>0</tes:agentload><tes:ostype>1</tes:ostype><tes:connectionactive>Y</tes:connectionactive><tes:activejobs>0</tes:activejobs><tes:agentversion>3.2.1.4</tes:agentversion><tes:name>BBB_MASTER_AGENT</tes:name><tes:type>6</tes:type><tes:active>Y</tes:active><tes:id>2</tes:id><tes:cachelastchangetime>2019-07-03T12:05:57+0000</tes:cachelastchangetime><tes:clientcachelastchangetime>2019-07-03T12:05:58+0000</tes:clientcachelastchangetime><tes:lastchangetime>2019-01-31T18:29:52+0000</tes:lastchangetime></tes:node></entry><entry><id>3</id><title>sfpac99</title><category term="4" scheme="row" label=""/><category term="0" scheme="level" label=""/><category term="111111111111111111111111" scheme="securitypolicy" label=""/><category term="000000000000000000000000" scheme="customsecuritypolicy" label=""/><link href="http://jptyotagcmp001.onetakeda.com:8080/api/tesPRDjp/Node.get/3" rel="alternate" type="text/html" title="sfpac99" length="0"/><source>com.tidalsoft.webclient.tes.dsp.db.datatypes.Node</source><modified>2019-06-20T18:03:24Z</modified><tes:node xmlns:tes="http://www.tidalsoftware.com/client/tesservlet"><tes:nodeinfo>&lt;connection&gt;&lt;outputlimit/&gt;&lt;/connection&gt;</tes:nodeinfo><tes:port>5913</tes:port><tes:joblimit>10</tes:joblimit><tes:machine>sfpac99.nycomed.local</tes:machine><tes:lastusermodifiedtime>2019-06-20T18:03:24+0000</tes:lastusermodifiedtime><tes:timezone>GMT+01:00</tes:timezone><tes:agentload>1</tes:agentload><tes:ostype>2</tes:ostype><tes:connectionactive>Y</tes:connectionactive><tes:activejobs>0</tes:activejobs><tes:agentversion>3.2.0.10</tes:agentversion><tes:name>sfpac99</tes:name><tes:type>6</tes:type><tes:active>Y</tes:active><tes:id>3</tes:id><tes:timediff>-28801</tes:timediff><tes:cachelastchangetime>2019-07-03T12:07:40+0000</tes:cachelastchangetime><tes:clientcachelastchangetime>2019-07-03T12:07:40+0000</tes:clientcachelastchangetime><tes:lastchangetime>2019-06-20T18:03:24+0000</tes:lastchangetime></tes:node></entry><entry><id>19</id><title>SNOW-PRD</title><category term="5" scheme="row" label=""/><category term="0" scheme="level" label=""/><category term="111111111111111111111111" scheme="securitypolicy" label=""/><category term="000000000000000000000000" scheme="customsecuritypolicy" label=""/><link href="http://jptyotagcmp001.onetakeda.com:8080/api/tesPRDjp/Node.get/19" rel="alternate" type="text/html" title="SNOW-PRD" length="0"/><source>com.tidalsoft.webclient.tes.dsp.db.datatypes.Node</source><modified>2019-03-19T21:15:56Z</modified><tes:node xmlns:tes="http://www.tidalsoftware.com/client/tesservlet"><tes:servicename>WebService</tes:servicename><tes:serviceguid>{2C290052-71BA-47BC-85BB-D65E06459001}</tes:serviceguid><tes:joblimit>10</tes:joblimit><tes:machine>https://onetakeda.service-now.com/u_inbound_tidal_japan_incident.do?SOAP</tes:machine><tes:lastusermodifiedtime>2019-03-19T21:15:56+0000</tes:lastusermodifiedtime><tes:ostype>12</tes:ostype><tes:connectionactive>Y</tes:connectionactive><tes:activejobs>0</tes:activejobs><tes:name>SNOW-PRD</tes:name><tes:serviceid>24</tes:serviceid><tes:type>11</tes:type><tes:active>Y</tes:active><tes:id>19</tes:id><tes:cachelastchangetime>2019-07-03T11:10:51+0000</tes:cachelastchangetime><tes:clientcachelastchangetime>2019-07-03T11:10:51+0000</tes:clientcachelastchangetime><tes:lastchangetime>2019-03-19T21:15:56+0000</tes:lastchangetime></tes:node></entry><entry><id>22</id><title>JAPAN INFA 10.1</title><category term="6" scheme="row" label=""/><category term="0" scheme="level" label=""/><category term="111111111111111111111111" scheme="securitypolicy" label=""/><category term="000000000000000000000000" scheme="customsecuritypolicy" label=""/><link href="http://jptyotagcmp001.onetakeda.com:8080/api/tesPRDjp/Node.get/22" rel="alternate" type="text/html" title="JAPAN INFA 10.1" length="0"/><source>com.tidalsoft.webclient.tes.dsp.db.datatypes.Node</source><modified>2019-06-21T07:42:38Z</modified><tes:node xmlns:tes="http://www.tidalsoftware.com/client/tesservlet"><tes:servicename>Informatica</tes:servicename><tes:serviceguid>{7640B420-5530-11DE-8812-7B8656D89593}</tes:serviceguid><tes:joblimit>10</tes:joblimit><tes:machine>[dom_jposadihprd/pcrs_jposapwcprd/pcis_jposapwcprd] JPOSAORAP1210.onetakeda.com:1531</tes:machine><tes:lastusermodifiedtime>2019-06-21T07:42:33+0000</tes:lastusermodifiedtime><tes:timezone>GMT+09:00</tes:timezone><tes:agentload>1</tes:agentload><tes:ostype>12</tes:ostype><tes:connectionactive>Y</tes:connectionactive><tes:activejobs>3</tes:activejobs><tes:agentversion>PowerCenter version [10.1.0], build [0610].</tes:agentversion><tes:name>JAPAN INFA 10.1</tes:name><tes:serviceid>9</tes:serviceid><tes:type>11</tes:type><tes:active>Y</tes:active><tes:id>22</tes:id><tes:timediff>-5</tes:timediff><tes:cachelastchangetime>2019-07-03T12:07:51+0000</tes:cachelastchangetime><tes:clientcachelastchangetime>2019-07-03T12:07:51+0000</tes:clientcachelastchangetime><tes:lastchangetime>2019-06-21T07:42:38+0000</tes:lastchangetime></tes:node></entry><entry><id>26</id><title>ZZZ_MSSQL_TEST</title><category term="7" scheme="row" label=""/><category term="0" scheme="level" label=""/><category term="111111111111111111111111" scheme="securitypolicy" label=""/><category term="000000000000000000000000" scheme="customsecuritypolicy" label=""/><link href="http://jptyotagcmp001.onetakeda.com:8080/api/tesPRDjp/Node.get/26" rel="alternate" type="text/html" title="ZZZ_MSSQL_TEST" length="0"/><source>com.tidalsoft.webclient.tes.dsp.db.datatypes.Node</source><modified>2019-01-31T17:53:39Z</modified><tes:node xmlns:tes="http://www.tidalsoftware.com/client/tesservlet"><tes:servicename>MSSql</tes:servicename><tes:serviceguid>{CAFA6E81-E29F-4263-8E80-4928FFF416A2}</tes:serviceguid><tes:joblimit>10</tes:joblimit><tes:machine>jdbc:sqlserver://JPTYOTAGARD001.CIE4IJPUYJWP.AP-NORTHEAST-1.RDS.AMAZONAWS.COM:1433;databaseName=Admiral_0</tes:machine><tes:lastusermodifiedtime>2019-01-31T17:53:34+0000</tes:lastusermodifiedtime><tes:timezone>GMT+00:00</tes:timezone><tes:ostype>12</tes:ostype><tes:connectionactive>Y</tes:connectionactive><tes:activejobs>0</tes:activejobs><tes:agentversion>SQL Server 2016</tes:agentversion><tes:name>ZZZ_MSSQL_TEST</tes:name><tes:serviceid>14</tes:serviceid><tes:type>11</tes:type><tes:active>Y</tes:active><tes:id>26</tes:id><tes:timediff>-32399</tes:timediff><tes:cachelastchangetime>2019-07-03T12:08:12+0000</tes:cachelastchangetime><tes:clientcachelastchangetime>2019-07-03T12:08:12+0000</tes:clientcachelastchangetime><tes:lastchangetime>2019-01-31T17:53:39+0000</tes:lastchangetime></tes:node></entry><entry><id>27</id><title>ZZZ_ORACLE_DB_TEST</title><category term="8" scheme="row" label=""/><category term="0" scheme="level" label=""/><category term="111111111111111111111111" scheme="securitypolicy" label=""/><category term="000000000000000000000000" scheme="customsecuritypolicy" label=""/><link href="http://jptyotagcmp001.onetakeda.com:8080/api/tesPRDjp/Node.get/27" rel="alternate" type="text/html" title="ZZZ_ORACLE_DB_TEST" length="0"/><source>com.tidalsoft.webclient.tes.dsp.db.datatypes.Node</source><modified>2019-04-11T15:45:05Z</modified><tes:node xmlns:tes="http://www.tidalsoftware.com/client/tesservlet"><tes:servicename>Oracle DB</tes:servicename><tes:serviceguid>{3EC69AA3-C8C3-4a19-8F66-F36CFDDA5BB1}</tes:serviceguid><tes:joblimit>10</tes:joblimit><tes:machine>jdbc:oracle:thin:@USDRDORAD004.UNIX.TPNA.COM:1521:ARG8DEV1</tes:machine><tes:lastusermodifiedtime>2019-04-11T15:45:05+0000</tes:lastusermodifiedtime><tes:timezone>Asia/Tokyo</tes:timezone><tes:ostype>12</tes:ostype><tes:activejobs>0</tes:activejobs><tes:name>ZZZ_ORACLE_DB_TEST</tes:name><tes:serviceid>16</tes:serviceid><tes:type>11</tes:type><tes:active>N</tes:active><tes:id>27</tes:id><tes:cachelastchangetime>2019-06-21T20:43:28+0000</tes:cachelastchangetime><tes:clientcachelastchangetime>2019-06-22T15:00:03+0000</tes:clientcachelastchangetime><tes:lastchangetime>2019-04-11T15:45:05+0000</tes:lastchangetime></tes:node></entry><entry><id>28</id><title>ZZZ_MOVEIT_TEST</title><category term="9" scheme="row" label=""/><category term="0" scheme="level" label=""/><category term="111111111111111111111111" scheme="securitypolicy" label=""/><category term="000000000000000000000000" scheme="customsecuritypolicy" label=""/><link href="http://jptyotagcmp001.onetakeda.com:8080/api/tesPRDjp/Node.get/28" rel="alternate" type="text/html" title="ZZZ_MOVEIT_TEST" length="0"/><source>com.tidalsoft.webclient.tes.dsp.db.datatypes.Node</source><modified>2019-07-01T15:35:51Z</modified><tes:node xmlns:tes="http://www.tidalsoftware.com/client/tesservlet"><tes:nodeinfo>&lt;connection&gt;&lt;outputlimit/&gt;&lt;/connection&gt;</tes:nodeinfo><tes:port>5912</tes:port><tes:joblimit>10</tes:joblimit><tes:machine>DEMRHSFTQ001.ONETAKEDA.COM</tes:machine><tes:lastusermodifiedtime>2019-01-31T18:08:07+0000</tes:lastusermodifiedtime><tes:timezone>W. Europe Daylight Time</tes:timezone><tes:agentload>7</tes:agentload><tes:ostype>1</tes:ostype><tes:connectionactive>Y</tes:connectionactive><tes:activejobs>0</tes:activejobs><tes:agentversion>3.1.0.16</tes:agentversion><tes:name>ZZZ_MOVEIT_TEST</tes:name><tes:type>6</tes:type><tes:active>Y</tes:active><tes:id>28</tes:id><tes:timediff>-25253</tes:timediff><tes:cachelastchangetime>2019-07-03T12:01:13+0000</tes:cachelastchangetime><tes:clientcachelastchangetime>2019-07-03T12:01:13+0000</tes:clientcachelastchangetime><tes:lastchangetime>2019-07-01T15:35:51+0000</tes:lastchangetime></tes:node></entry><entry><id>29</id><title>ZZZ_STERLING_TEST</title><category term="10" scheme="row" label=""/><category term="0" scheme="level" label=""/><category term="111111111111111111111111" scheme="securitypolicy" label=""/><category term="000000000000000000000000" scheme="customsecuritypolicy" label=""/><link href="http://jptyotagcmp001.onetakeda.com:8080/api/tesPRDjp/Node.get/29" rel="alternate" type="text/html" title="ZZZ_STERLING_TEST" length="0"/><source>com.tidalsoft.webclient.tes.dsp.db.datatypes.Node</source><modified>2019-06-16T22:26:34Z</modified><tes:node xmlns:tes="http://www.tidalsoftware.com/client/tesservlet"><tes:nodeinfo>&lt;connection&gt;&lt;outputlimit/&gt;&lt;/connection&gt;</tes:nodeinfo><tes:port>5912</tes:port><tes:joblimit>10</tes:joblimit><tes:machine>TPADSBIAP01.takedapharm.tpna.com</tes:machine><tes:lastusermodifiedtime>2019-01-31T18:15:36+0000</tes:lastusermodifiedtime><tes:timezone>Central Daylight Time</tes:timezone><tes:agentload>2</tes:agentload><tes:ostype>1</tes:ostype><tes:connectionactive>Y</tes:connectionactive><tes:activejobs>0</tes:activejobs><tes:agentversion>3.0.1.23</tes:agentversion><tes:name>ZZZ_STERLING_TEST</tes:name><tes:type>6</tes:type><tes:active>Y</tes:active><tes:id>29</tes:id><tes:timediff>-50423</tes:timediff><tes:cachelastchangetime>2019-07-03T12:04:32+0000</tes:cachelastchangetime><tes:clientcachelastchangetime>2019-07-03T12:04:32+0000</tes:clientcachelastchangetime><tes:lastchangetime>2019-06-16T22:26:34+0000</tes:lastchangetime></tes:node></entry><entry><id>33</id><title>BBB_BACKUPMASTER_AGENT</title><category term="11" scheme="row" label=""/><category term="0" scheme="level" label=""/><category term="111111111111111111111111" scheme="securitypolicy" label=""/><category term="000000000000000000000000" scheme="customsecuritypolicy" label=""/><link href="http://jptyotagcmp001.onetakeda.com:8080/api/tesPRDjp/Node.get/33" rel="alternate" type="text/html" title="BBB_BACKUPMASTER_AGENT" length="0"/><source>com.tidalsoft.webclient.tes.dsp.db.datatypes.Node</source><modified>2019-06-21T21:46:53Z</modified><tes:node xmlns:tes="http://www.tidalsoftware.com/client/tesservlet"><tes:nodeinfo>&lt;connection&gt;&lt;outputlimit/&gt;&lt;/connection&gt;</tes:nodeinfo><tes:port>5912</tes:port><tes:joblimit>10</tes:joblimit><tes:machine>jptyotagpap002.onetakeda.com</tes:machine><tes:lastusermodifiedtime>2019-06-21T21:46:53+0000</tes:lastusermodifiedtime><tes:timezone>Tokyo Standard Time</tes:timezone><tes:agentload>0</tes:agentload><tes:ostype>1</tes:ostype><tes:connectionactive>Y</tes:connectionactive><tes:activejobs>0</tes:activejobs><tes:agentversion>3.2.1.4</tes:agentversion><tes:name>BBB_BACKUPMASTER_AGENT</tes:name><tes:type>6</tes:type><tes:active>Y</tes:active><tes:id>33</tes:id><tes:cachelastchangetime>2019-07-03T11:37:41+0000</tes:cachelastchangetime><tes:clientcachelastchangetime>2019-07-03T11:37:41+0000</tes:clientcachelastchangetime><tes:lastchangetime>2019-06-21T21:46:53+0000</tes:lastchangetime></tes:node></entry><entry><id>35</id><title>BPR-SAP-QE1</title><category term="12" scheme="row" label=""/><category term="0" scheme="level" label=""/><category term="111111111111111111111111" scheme="securitypolicy" label=""/><category term="000000000000000000000000" scheme="customsecuritypolicy" label=""/><link href="http://jptyotagcmp001.onetakeda.com:8080/api/tesPRDjp/Node.get/35" rel="alternate" type="text/html" title="BPR-SAP-QE1" length="0"/><source>com.tidalsoft.webclient.tes.dsp.db.datatypes.Node</source><modified>2019-07-03T12:08:08Z</modified><tes:node xmlns:tes="http://www.tidalsoftware.com/client/tesservlet"><tes:servicename>SAP</tes:servicename><tes:serviceguid>{51C57049-3215-44b7-ABE1-C012FF786010}</tes:serviceguid><tes:joblimit>10</tes:joblimit><tes:machine>ciqe186.onetakeda.com/100/*</tes:machine><tes:lastusermodifiedtime>2019-04-07T05:37:43+0000</tes:lastusermodifiedtime><tes:timezone>GMT+01:45</tes:timezone><tes:agentload>21</tes:agentload><tes:ostype>12</tes:ostype><tes:connectionactive>Y</tes:connectionactive><tes:activejobs>0</tes:activejobs><tes:agentversion>BASIS 7.x XBP 3.0</tes:agentversion><tes:name>BPR-SAP-QE1</tes:name><tes:serviceid>19</tes:serviceid><tes:type>11</tes:type><tes:active>Y</tes:active><tes:id>35</tes:id><tes:timediff>-25201</tes:timediff><tes:cachelastchangetime>2019-07-03T12:08:08+0000</tes:cachelastchangetime><tes:clientcachelastchangetime>2019-07-03T12:08:08+0000</tes:clientcachelastchangetime><tes:lastchangetime>2019-07-03T12:08:08+0000</tes:lastchangetime></tes:node></entry><entry><id>36</id><title>BPR-SAP-PRD</title><category term="13" scheme="row" label=""/><category term="0" scheme="level" label=""/><category term="111111111111111111111111" scheme="securitypolicy" label=""/><category term="000000000000000000000000" scheme="customsecuritypolicy" label=""/><link href="http://jptyotagcmp001.onetakeda.com:8080/api/tesPRDjp/Node.get/36" rel="alternate" type="text/html" title="BPR-SAP-PRD" length="0"/><source>com.tidalsoft.webclient.tes.dsp.db.datatypes.Node</source><modified>2019-06-17T11:37:07Z</modified><tes:node xmlns:tes="http://www.tidalsoftware.com/client/tesservlet"><tes:servicename>SAP</tes:servicename><tes:serviceguid>{51C57049-3215-44b7-ABE1-C012FF786010}</tes:serviceguid><tes:joblimit>10</tes:joblimit><tes:machine>ciprd01.onetakeda.com/100/*</tes:machine><tes:lastusermodifiedtime>2019-06-17T11:37:07+0000</tes:lastusermodifiedtime><tes:ostype>12</tes:ostype><tes:activejobs>0</tes:activejobs><tes:name>BPR-SAP-PRD</tes:name><tes:serviceid>19</tes:serviceid><tes:type>11</tes:type><tes:active>N</tes:active><tes:id>36</tes:id><tes:cachelastchangetime>2019-06-21T20:43:28+0000</tes:cachelastchangetime><tes:clientcachelastchangetime>2019-06-22T15:00:03+0000</tes:clientcachelastchangetime><tes:lastchangetime>2019-06-17T11:37:07+0000</tes:lastchangetime></tes:node></entry><entry><id>39</id><title>BBB_FAULTMONITOR_AGENT</title><category term="14" scheme="row" label=""/><category term="0" scheme="level" label=""/><category term="111111111111111111111111" scheme="securitypolicy" label=""/><category term="000000000000000000000000" scheme="customsecuritypolicy" label=""/><link href="http://jptyotagcmp001.onetakeda.com:8080/api/tesPRDjp/Node.get/39" rel="alternate" type="text/html" title="BBB_FAULTMONITOR_AGENT" length="0"/><source>com.tidalsoft.webclient.tes.dsp.db.datatypes.Node</source><modified>2019-01-31T21:48:30Z</modified><tes:node xmlns:tes="http://www.tidalsoftware.com/client/tesservlet"><tes:nodeinfo>&lt;connection&gt;&lt;outputlimit/&gt;&lt;/connection&gt;</tes:nodeinfo><tes:port>5912</tes:port><tes:joblimit>10</tes:joblimit><tes:machine>JPTYOTAGFMP001.ONETAKEDA.COM</tes:machine><tes:lastusermodifiedtime>2019-01-31T21:48:08+0000</tes:lastusermodifiedtime><tes:timezone>Tokyo Standard Time</tes:timezone><tes:agentload>0</tes:agentload><tes:ostype>1</tes:ostype><tes:connectionactive>Y</tes:connectionactive><tes:activejobs>0</tes:activejobs><tes:agentversion>3.2.1.4</tes:agentversion><tes:name>BBB_FAULTMONITOR_AGENT</tes:name><tes:type>6</tes:type><tes:active>Y</tes:active><tes:id>39</tes:id><tes:cachelastchangetime>2019-07-03T12:07:42+0000</tes:cachelastchangetime><tes:clientcachelastchangetime>2019-07-03T12:07:43+0000</tes:clientcachelastchangetime><tes:lastchangetime>2019-01-31T21:48:30+0000</tes:lastchangetime></tes:node></entry><entry><id>40</id><title>BBB_CLIENTMANAGER_AGENT</title><category term="15" scheme="row" label=""/><category term="0" scheme="level" label=""/><category term="111111111111111111111111" scheme="securitypolicy" label=""/><category term="000000000000000000000000" scheme="customsecuritypolicy" label=""/><link href="http://jptyotagcmp001.onetakeda.com:8080/api/tesPRDjp/Node.get/40" rel="alternate" type="text/html" title="BBB_CLIENTMANAGER_AGENT" length="0"/><source>com.tidalsoft.webclient.tes.dsp.db.datatypes.Node</source><modified>2019-01-31T21:55:04Z</modified><tes:node xmlns:tes="http://www.tidalsoftware.com/client/tesservlet"><tes:nodeinfo>&lt;connection&gt;&lt;outputlimit/&gt;&lt;/connection&gt;</tes:nodeinfo><tes:port>5912</tes:port><tes:joblimit>10</tes:joblimit><tes:machine>JPTYOTAGCMP001.ONETAKEDA.COM</tes:machine><tes:lastusermodifiedtime>2019-01-31T21:54:39+0000</tes:lastusermodifiedtime><tes:timezone>Coordinated Universal Time</tes:timezone><tes:agentload>1</tes:agentload><tes:ostype>1</tes:ostype><tes:connectionactive>Y</tes:connectionactive><tes:activejobs>0</tes:activejobs><tes:agentversion>3.2.1.4</tes:agentversion><tes:name>BBB_CLIENTMANAGER_AGENT</tes:name><tes:type>6</tes:type><tes:active>Y</tes:active><tes:id>40</tes:id><tes:timediff>-32400</tes:timediff><tes:cachelastchangetime>2019-07-03T12:04:24+0000</tes:cachelastchangetime><tes:clientcachelastchangetime>2019-07-03T12:04:25+0000</tes:clientcachelastchangetime><tes:lastchangetime>2019-01-31T21:55:04+0000</tes:lastchangetime></tes:node></entry><entry><id>48</id><title>JPOSADIHP002</title><category term="16" scheme="row" label=""/><category term="0" scheme="level" label=""/><category term="111111111111111111111111" scheme="securitypolicy" label=""/><category term="000000000000000000000000" scheme="customsecuritypolicy" label=""/><link href="http://jptyotagcmp001.onetakeda.com:8080/api/tesPRDjp/Node.get/48" rel="alternate" type="text/html" title="JPOSADIHP002" length="0"/><source>com.tidalsoft.webclient.tes.dsp.db.datatypes.Node</source><modified>2019-05-31T13:55:14Z</modified><tes:node xmlns:tes="http://www.tidalsoftware.com/client/tesservlet"><tes:nodeinfo>&lt;connection&gt;&lt;outputlimit/&gt;&lt;/connection&gt;</tes:nodeinfo><tes:port>5912</tes:port><tes:joblimit>10</tes:joblimit><tes:machine>JPOSADIHP002.onetakeda.com</tes:machine><tes:lastusermodifiedtime>2019-05-31T13:55:14+0000</tes:lastusermodifiedtime><tes:timezone>Japan</tes:timezone><tes:agentload>1</tes:agentload><tes:ostype>2</tes:ostype><tes:connectionactive>Y</tes:connectionactive><tes:activejobs>0</tes:activejobs><tes:agentversion>3.2.0.8</tes:agentversion><tes:name>JPOSADIHP002</tes:name><tes:type>6</tes:type><tes:active>Y</tes:active><tes:id>48</tes:id><tes:cachelastchangetime>2019-07-03T12:07:33+0000</tes:cachelastchangetime><tes:clientcachelastchangetime>2019-07-03T12:07:33+0000</tes:clientcachelastchangetime><tes:lastchangetime>2019-05-31T13:55:14+0000</tes:lastchangetime></tes:node></entry><entry><id>49</id><title>JPTKXICSP001</title><category term="17" scheme="row" label=""/><category term="0" scheme="level" label=""/><category term="111111111111111111111111" scheme="securitypolicy" label=""/><category term="000000000000000000000000" scheme="customsecuritypolicy" label=""/><link href="http://jptyotagcmp001.onetakeda.com:8080/api/tesPRDjp/Node.get/49" rel="alternate" type="text/html" title="JPTKXICSP001" length="0"/><source>com.tidalsoft.webclient.tes.dsp.db.datatypes.Node</source><modified>2019-06-29T16:30:01Z</modified><tes:node xmlns:tes="http://www.tidalsoftware.com/client/tesservlet"><tes:nodeinfo>&lt;connection&gt;&lt;outputlimit/&gt;&lt;/connection&gt;</tes:nodeinfo><tes:port>5912</tes:port><tes:joblimit>10</tes:joblimit><tes:machine>JPTKXICSP001.onetakeda.com</tes:machine><tes:lastusermodifiedtime>2019-06-29T16:30:01+0000</tes:lastusermodifiedtime><tes:timezone>Tokyo Standard Time</tes:timezone><tes:agentload>3</tes:agentload><tes:ostype>1</tes:ostype><tes:connectionactive>Y</tes:connectionactive><tes:activejobs>0</tes:activejobs><tes:agentversion>3.1.0.19</tes:agentversion><tes:name>JPTKXICSP001</tes:name><tes:type>6</tes:type><tes:active>Y</tes:active><tes:id>49</tes:id><tes:cachelastchangetime>2019-07-03T12:08:00+0000</tes:cachelastchangetime><tes:clientcachelastchangetime>2019-07-03T12:08:00+0000</tes:clientcachelastchangetime><tes:lastchangetime>2019-06-29T16:30:01+0000</tes:lastchangetime></tes:node></entry><entry><id>50</id><title>JPAWSVVAP001</title><category term="18" scheme="row" label=""/><category term="0" scheme="level" label=""/><category term="111111111111111111111111" scheme="securitypolicy" label=""/><category term="000000000000000000000000" scheme="customsecuritypolicy" label=""/><link href="http://jptyotagcmp001.onetakeda.com:8080/api/tesPRDjp/Node.get/50" rel="alternate" type="text/html" title="JPAWSVVAP001" length="0"/><source>com.tidalsoft.webclient.tes.dsp.db.datatypes.Node</source><modified>2019-03-19T15:18:56Z</modified><tes:node xmlns:tes="http://www.tidalsoftware.com/client/tesservlet"><tes:nodeinfo>&lt;connection&gt;&lt;outputlimit/&gt;&lt;/connection&gt;</tes:nodeinfo><tes:port>5912</tes:port><tes:joblimit>10</tes:joblimit><tes:machine>JPAWSVVAP001.onetakeda.com</tes:machine><tes:lastusermodifiedtime>2019-03-19T15:18:47+0000</tes:lastusermodifiedtime><tes:timezone>Tokyo Standard Time</tes:timezone><tes:agentload>46</tes:agentload><tes:ostype>1</tes:ostype><tes:connectionactive>Y</tes:connectionactive><tes:activejobs>1</tes:activejobs><tes:agentversion>3.1.0.16</tes:agentversion><tes:name>JPAWSVVAP001</tes:name><tes:type>6</tes:type><tes:active>Y</tes:active><tes:id>50</tes:id><tes:cachelastchangetime>2019-07-03T11:13:03+0000</tes:cachelastchangetime><tes:clientcachelastchangetime>2019-07-03T11:13:03+0000</tes:clientcachelastchangetime><tes:lastchangetime>2019-03-19T15:18:56+0000</tes:lastchangetime></tes:node></entry><entry><id>51</id><title>JPTYOSABATP001</title><category term="19" scheme="row" label=""/><category term="0" scheme="level" label=""/><category term="111111111111111111111111" scheme="securitypolicy" label=""/><category term="000000000000000000000000" scheme="customsecuritypolicy" label=""/><link href="http://jptyotagcmp001.onetakeda.com:8080/api/tesPRDjp/Node.get/51" rel="alternate" type="text/html" title="JPTYOSABATP001" length="0"/><source>com.tidalsoft.webclient.tes.dsp.db.datatypes.Node</source><modified>2019-03-19T15:20:04Z</modified><tes:node xmlns:tes="http://www.tidalsoftware.com/client/tesservlet"><tes:nodeinfo>&lt;connection&gt;&lt;outputlimit/&gt;&lt;/connection&gt;</tes:nodeinfo><tes:port>5912</tes:port><tes:joblimit>10</tes:joblimit><tes:machine>JPTYOSABATP001.onetakeda.com</tes:machine><tes:lastusermodifiedtime>2019-03-19T15:20:04+0000</tes:lastusermodifiedtime><tes:timezone>Asia/Tokyo</tes:timezone><tes:agentload>1</tes:agentload><tes:ostype>2</tes:ostype><tes:connectionactive>Y</tes:connectionactive><tes:activejobs>0</tes:activejobs><tes:agentversion>3.2.0.8</tes:agentversion><tes:name>JPTYOSABATP001</tes:name><tes:type>6</tes:type><tes:active>Y</tes:active><tes:id>51</tes:id><tes:cachelastchangetime>2019-07-03T12:07:23+0000</tes:cachelastchangetime><tes:clientcachelastchangetime>2019-07-03T12:07:24+0000</tes:clientcachelastchangetime><tes:lastchangetime>2019-03-19T15:20:04+0000</tes:lastchangetime></tes:node></entry><entry><id>52</id><title>JPOSAICSP001</title><category term="20" scheme="row" label=""/><category term="0" scheme="level" label=""/><category term="111111111111111111111111" scheme="securitypolicy" label=""/><category term="000000000000000000000000" scheme="customsecuritypolicy" label=""/><link href="http://jptyotagcmp001.onetakeda.com:8080/api/tesPRDjp/Node.get/52" rel="alternate" type="text/html" title="JPOSAICSP001" length="0"/><source>com.tidalsoft.webclient.tes.dsp.db.datatypes.Node</source><modified>2019-06-30T04:34:25Z</modified><tes:node xmlns:tes="http://www.tidalsoftware.com/client/tesservlet"><tes:nodeinfo>&lt;connection&gt;&lt;outputlimit/&gt;&lt;/connection&gt;</tes:nodeinfo><tes:port>5912</tes:port><tes:joblimit>10</tes:joblimit><tes:machine>JPOSAICSP001.onetakeda.com</tes:machine><tes:lastusermodifiedtime>2019-06-30T04:34:25+0000</tes:lastusermodifiedtime><tes:timezone>Tokyo Standard Time</tes:timezone><tes:agentload>0</tes:agentload><tes:ostype>1</tes:ostype><tes:connectionactive>Y</tes:connectionactive><tes:activejobs>0</tes:activejobs><tes:agentversion>3.1.0.16</tes:agentversion><tes:name>JPOSAICSP001</tes:name><tes:type>6</tes:type><tes:active>Y</tes:active><tes:id>52</tes:id><tes:cachelastchangetime>2019-07-03T12:06:34+0000</tes:cachelastchangetime><tes:clientcachelastchangetime>2019-07-03T12:06:35+0000</tes:clientcachelastchangetime><tes:lastchangetime>2019-06-30T04:34:25+0000</tes:lastchangetime></tes:node></entry><entry><id>55</id><title>USENTFTP01</title><category term="21" scheme="row" label=""/><category term="0" scheme="level" label=""/><category term="111111111111111111111111" scheme="securitypolicy" label=""/><category term="000000000000000000000000" scheme="customsecuritypolicy" label=""/><link href="http://jptyotagcmp001.onetakeda.com:8080/api/tesPRDjp/Node.get/55" rel="alternate" type="text/html" title="USENTFTP01" length="0"/><source>com.tidalsoft.webclient.tes.dsp.db.datatypes.Node</source><modified>2019-03-27T15:28:24Z</modified><tes:node xmlns:tes="http://www.tidalsoftware.com/client/tesservlet"><tes:nodeinfo>&lt;connection&gt;&lt;outputlimit/&gt;&lt;/connection&gt;</tes:nodeinfo><tes:port>5912</tes:port><tes:joblimit>10</tes:joblimit><tes:machine>63.240.182.30</tes:machine><tes:lastusermodifiedtime>2019-03-27T15:28:24+0000</tes:lastusermodifiedtime><tes:timezone>America/Chicago</tes:timezone><tes:ostype>2</tes:ostype><tes:connectionactive>N</tes:connectionactive><tes:activejobs>0</tes:activejobs><tes:name>USENTFTP01</tes:name><tes:type>6</tes:type><tes:active>N</tes:active><tes:id>55</tes:id><tes:timediff>-50400</tes:timediff><tes:cachelastchangetime>2019-06-21T20:43:29+0000</tes:cachelastchangetime><tes:clientcachelastchangetime>2019-06-22T15:00:03+0000</tes:clientcachelastchangetime><tes:lastchangetime>2019-03-27T15:28:24+0000</tes:lastchangetime></tes:node></entry><entry><id>62</id><title>JPTYOSRVP003</title><category term="22" scheme="row" label=""/><category term="0" scheme="level" label=""/><category term="111111111111111111111111" scheme="securitypolicy" label=""/><category term="000000000000000000000000" scheme="customsecuritypolicy" label=""/><link href="http://jptyotagcmp001.onetakeda.com:8080/api/tesPRDjp/Node.get/62" rel="alternate" type="text/html" title="JPTYOSRVP003" length="0"/><source>com.tidalsoft.webclient.tes.dsp.db.datatypes.Node</source><modified>2019-06-15T08:09:32Z</modified><tes:node xmlns:tes="http://www.tidalsoftware.com/client/tesservlet"><tes:nodeinfo>&lt;connection&gt;&lt;outputlimit/&gt;&lt;/connection&gt;</tes:nodeinfo><tes:port>5912</tes:port><tes:joblimit>10</tes:joblimit><tes:machine>JPTYOSRVP003.onetakeda.com</tes:machine><tes:lastusermodifiedtime>2019-06-15T08:09:32+0000</tes:lastusermodifiedtime><tes:timezone>Tokyo Standard Time</tes:timezone><tes:ostype>1</tes:ostype><tes:connectionactive>N</tes:connectionactive><tes:activejobs>0</tes:activejobs><tes:name>JPTYOSRVP003</tes:name><tes:type>6</tes:type><tes:active>N</tes:active><tes:id>62</tes:id><tes:cachelastchangetime>2019-06-21T20:43:29+0000</tes:cachelastchangetime><tes:clientcachelastchangetime>2019-06-22T15:00:03+0000</tes:clientcachelastchangetime><tes:lastchangetime>2019-06-15T08:09:32+0000</tes:lastchangetime></tes:node></entry></feed>
