<?xml version="1.0" encoding="UTF-8" standalone="yes"?><feed version="0.3" xmlns="http://purl.org/atom/ns#"><title>tesPRDjp/tes:SystemValue.getList</title><category term="0" scheme="row" label=""/><category term="0" scheme="level" label=""/><category term="111111111111111111111111" scheme="securitypolicy" label=""/><category term="000000000000000000000000" scheme="customsecuritypolicy" label=""/><category term="80" scheme="count" label=""/><category term="N" scheme="changedOnly" label=""/><category term="" scheme="groupNameRecordPosition" label=""/><category term="0" scheme="jobOrJobRunRecordPosition" label=""/><generator uri="http://www.tidalsoftware.com">TES</generator><modified>2019-07-03T12:08:14.233Z</modified><entry><id>1</id><title>1</title><category term="0" scheme="row" label=""/><category term="0" scheme="level" label=""/><category term="111111111111111111111111" scheme="securitypolicy" label=""/><category term="000000000000000000000000" scheme="customsecuritypolicy" label=""/><category term="80" scheme="count" label=""/><category term="N" scheme="changedOnly" label=""/><category term="" scheme="groupNameRecordPosition" label=""/><category term="0" scheme="jobOrJobRunRecordPosition" label=""/><link href="http://jptyotagcmp001.onetakeda.com:8080/api/tesPRDjp/SystemValue.get/1" rel="alternate" type="text/html" title="1" length="0"/><source>com.tidalsoft.webclient.tes.dsp.db.datatypes.SystemValue</source><modified>1976-07-03T15:00:00Z</modified><tes:systemvalue xmlns:tes="http://www.tidalsoftware.com/client/tesservlet"><tes:id>1</tes:id><tes:intvalue>10</tes:intvalue><tes:clientcachelastchangetime>2019-02-01T19:12:00+0000</tes:clientcachelastchangetime><tes:lastchangetime>1976-07-03T15:00:00+0000</tes:lastchangetime></tes:systemvalue></entry><entry><id>2</id><title>2</title><category term="1" scheme="row" label=""/><category term="0" scheme="level" label=""/><category term="111111111111111111111111" scheme="securitypolicy" label=""/><category term="000000000000000000000000" scheme="customsecuritypolicy" label=""/><link href="http://jptyotagcmp001.onetakeda.com:8080/api/tesPRDjp/SystemValue.get/2" rel="alternate" type="text/html" title="2" length="0"/><source>com.tidalsoft.webclient.tes.dsp.db.datatypes.SystemValue</source><modified>2019-01-29T16:58:29Z</modified><tes:systemvalue xmlns:tes="http://www.tidalsoftware.com/client/tesservlet"><tes:id>2</tes:id><tes:intvalue>5</tes:intvalue><tes:clientcachelastchangetime>2019-02-01T19:12:00+0000</tes:clientcachelastchangetime><tes:lastchangetime>2019-01-29T16:58:29+0000</tes:lastchangetime></tes:systemvalue></entry><entry><id>3</id><title>3</title><category term="2" scheme="row" label=""/><category term="0" scheme="level" label=""/><category term="111111111111111111111111" scheme="securitypolicy" label=""/><category term="000000000000000000000000" scheme="customsecuritypolicy" label=""/><link href="http://jptyotagcmp001.onetakeda.com:8080/api/tesPRDjp/SystemValue.get/3" rel="alternate" type="text/html" title="3" length="0"/><source>com.tidalsoft.webclient.tes.dsp.db.datatypes.SystemValue</source><modified>2019-03-28T12:11:43Z</modified><tes:systemvalue xmlns:tes="http://www.tidalsoftware.com/client/tesservlet"><tes:strvalue>NOREPLY-tidal-PROD-japan@onetakeda.com</tes:strvalue><tes:id>3</tes:id><tes:clientcachelastchangetime>2019-03-28T12:11:44+0000</tes:clientcachelastchangetime><tes:lastchangetime>2019-03-28T12:11:43+0000</tes:lastchangetime></tes:systemvalue></entry><entry><id>4</id><title>4</title><category term="3" scheme="row" label=""/><category term="0" scheme="level" label=""/><category term="111111111111111111111111" scheme="securitypolicy" label=""/><category term="000000000000000000000000" scheme="customsecuritypolicy" label=""/><link href="http://jptyotagcmp001.onetakeda.com:8080/api/tesPRDjp/SystemValue.get/4" rel="alternate" type="text/html" title="4" length="0"/><source>com.tidalsoft.webclient.tes.dsp.db.datatypes.SystemValue</source><modified>1976-07-03T15:00:00Z</modified><tes:systemvalue xmlns:tes="http://www.tidalsoftware.com/client/tesservlet"><tes:agentname>AAA_PRIMARY_MASTER</tes:agentname><tes:agenttype>1</tes:agenttype><tes:agentostype>1</tes:agentostype><tes:id>4</tes:id><tes:intvalue>1</tes:intvalue><tes:clientcachelastchangetime>2019-02-01T19:12:00+0000</tes:clientcachelastchangetime><tes:lastchangetime>1976-07-03T15:00:00+0000</tes:lastchangetime></tes:systemvalue></entry><entry><id>5</id><title>5</title><category term="4" scheme="row" label=""/><category term="0" scheme="level" label=""/><category term="111111111111111111111111" scheme="securitypolicy" label=""/><category term="000000000000000000000000" scheme="customsecuritypolicy" label=""/><link href="http://jptyotagcmp001.onetakeda.com:8080/api/tesPRDjp/SystemValue.get/5" rel="alternate" type="text/html" title="5" length="0"/><source>com.tidalsoft.webclient.tes.dsp.db.datatypes.SystemValue</source><modified>1976-07-03T15:00:00Z</modified><tes:systemvalue xmlns:tes="http://www.tidalsoftware.com/client/tesservlet"><tes:strvalue>Y</tes:strvalue><tes:id>5</tes:id><tes:clientcachelastchangetime>2019-02-01T19:12:00+0000</tes:clientcachelastchangetime><tes:lastchangetime>1976-07-03T15:00:00+0000</tes:lastchangetime></tes:systemvalue></entry><entry><id>6</id><title>6</title><category term="5" scheme="row" label=""/><category term="0" scheme="level" label=""/><category term="111111111111111111111111" scheme="securitypolicy" label=""/><category term="000000000000000000000000" scheme="customsecuritypolicy" label=""/><link href="http://jptyotagcmp001.onetakeda.com:8080/api/tesPRDjp/SystemValue.get/6" rel="alternate" type="text/html" title="6" length="0"/><source>com.tidalsoft.webclient.tes.dsp.db.datatypes.SystemValue</source><modified>1976-07-03T15:00:00Z</modified><tes:systemvalue xmlns:tes="http://www.tidalsoftware.com/client/tesservlet"><tes:strvalue>111111111111111111111111111111</tes:strvalue><tes:id>6</tes:id><tes:clientcachelastchangetime>2019-02-01T19:12:00+0000</tes:clientcachelastchangetime><tes:lastchangetime>1976-07-03T15:00:00+0000</tes:lastchangetime></tes:systemvalue></entry><entry><id>7</id><title>7</title><category term="6" scheme="row" label=""/><category term="0" scheme="level" label=""/><category term="111111111111111111111111" scheme="securitypolicy" label=""/><category term="000000000000000000000000" scheme="customsecuritypolicy" label=""/><link href="http://jptyotagcmp001.onetakeda.com:8080/api/tesPRDjp/SystemValue.get/7" rel="alternate" type="text/html" title="7" length="0"/><source>com.tidalsoft.webclient.tes.dsp.db.datatypes.SystemValue</source><modified>1976-07-03T15:00:00Z</modified><tes:systemvalue xmlns:tes="http://www.tidalsoftware.com/client/tesservlet"><tes:strvalue>N</tes:strvalue><tes:id>7</tes:id><tes:clientcachelastchangetime>2019-02-01T19:12:00+0000</tes:clientcachelastchangetime><tes:lastchangetime>1976-07-03T15:00:00+0000</tes:lastchangetime></tes:systemvalue></entry><entry><id>8</id><title>8</title><category term="7" scheme="row" label=""/><category term="0" scheme="level" label=""/><category term="111111111111111111111111" scheme="securitypolicy" label=""/><category term="000000000000000000000000" scheme="customsecuritypolicy" label=""/><link href="http://jptyotagcmp001.onetakeda.com:8080/api/tesPRDjp/SystemValue.get/8" rel="alternate" type="text/html" title="8" length="0"/><source>com.tidalsoft.webclient.tes.dsp.db.datatypes.SystemValue</source><modified>2019-01-29T16:59:44Z</modified><tes:systemvalue xmlns:tes="http://www.tidalsoftware.com/client/tesservlet"><tes:strvalue>113112113111111111111111111111</tes:strvalue><tes:id>8</tes:id><tes:clientcachelastchangetime>2019-02-01T19:12:00+0000</tes:clientcachelastchangetime><tes:lastchangetime>2019-01-29T16:59:44+0000</tes:lastchangetime></tes:systemvalue></entry><entry><id>9</id><title>9</title><category term="8" scheme="row" label=""/><category term="0" scheme="level" label=""/><category term="111111111111111111111111" scheme="securitypolicy" label=""/><category term="000000000000000000000000" scheme="customsecuritypolicy" label=""/><link href="http://jptyotagcmp001.onetakeda.com:8080/api/tesPRDjp/SystemValue.get/9" rel="alternate" type="text/html" title="9" length="0"/><source>com.tidalsoft.webclient.tes.dsp.db.datatypes.SystemValue</source><modified>2019-01-29T16:59:44Z</modified><tes:systemvalue xmlns:tes="http://www.tidalsoftware.com/client/tesservlet"><tes:id>9</tes:id><tes:intvalue>90</tes:intvalue><tes:clientcachelastchangetime>2019-02-01T19:12:00+0000</tes:clientcachelastchangetime><tes:lastchangetime>2019-01-29T16:59:44+0000</tes:lastchangetime></tes:systemvalue></entry><entry><id>10</id><title>10</title><category term="9" scheme="row" label=""/><category term="0" scheme="level" label=""/><category term="111111111111111111111111" scheme="securitypolicy" label=""/><category term="000000000000000000000000" scheme="customsecuritypolicy" label=""/><link href="http://jptyotagcmp001.onetakeda.com:8080/api/tesPRDjp/SystemValue.get/10" rel="alternate" type="text/html" title="10" length="0"/><source>com.tidalsoft.webclient.tes.dsp.db.datatypes.SystemValue</source><modified>2019-01-29T16:59:44Z</modified><tes:systemvalue xmlns:tes="http://www.tidalsoftware.com/client/tesservlet"><tes:id>10</tes:id><tes:intvalue>90</tes:intvalue><tes:clientcachelastchangetime>2019-02-01T19:12:00+0000</tes:clientcachelastchangetime><tes:lastchangetime>2019-01-29T16:59:44+0000</tes:lastchangetime></tes:systemvalue></entry><entry><id>11</id><title>11</title><category term="10" scheme="row" label=""/><category term="0" scheme="level" label=""/><category term="111111111111111111111111" scheme="securitypolicy" label=""/><category term="000000000000000000000000" scheme="customsecuritypolicy" label=""/><link href="http://jptyotagcmp001.onetakeda.com:8080/api/tesPRDjp/SystemValue.get/11" rel="alternate" type="text/html" title="11" length="0"/><source>com.tidalsoft.webclient.tes.dsp.db.datatypes.SystemValue</source><modified>1976-07-03T15:00:00Z</modified><tes:systemvalue xmlns:tes="http://www.tidalsoftware.com/client/tesservlet"><tes:agentname>sfpac99</tes:agentname><tes:agenttype>6</tes:agenttype><tes:agentostype>2</tes:agentostype><tes:id>11</tes:id><tes:intvalue>3</tes:intvalue><tes:clientcachelastchangetime>2019-02-01T19:12:00+0000</tes:clientcachelastchangetime><tes:lastchangetime>1976-07-03T15:00:00+0000</tes:lastchangetime></tes:systemvalue></entry><entry><id>12</id><title>12</title><category term="11" scheme="row" label=""/><category term="0" scheme="level" label=""/><category term="111111111111111111111111" scheme="securitypolicy" label=""/><category term="000000000000000000000000" scheme="customsecuritypolicy" label=""/><link href="http://jptyotagcmp001.onetakeda.com:8080/api/tesPRDjp/SystemValue.get/12" rel="alternate" type="text/html" title="12" length="0"/><source>com.tidalsoft.webclient.tes.dsp.db.datatypes.SystemValue</source><modified>2019-01-29T16:55:22Z</modified><tes:systemvalue xmlns:tes="http://www.tidalsoftware.com/client/tesservlet"><tes:strvalue>Y</tes:strvalue><tes:id>12</tes:id><tes:intvalue>7</tes:intvalue><tes:clientcachelastchangetime>2019-02-01T19:12:00+0000</tes:clientcachelastchangetime><tes:lastchangetime>2019-01-29T16:55:22+0000</tes:lastchangetime></tes:systemvalue></entry><entry><id>13</id><title>13</title><category term="12" scheme="row" label=""/><category term="0" scheme="level" label=""/><category term="111111111111111111111111" scheme="securitypolicy" label=""/><category term="000000000000000000000000" scheme="customsecuritypolicy" label=""/><link href="http://jptyotagcmp001.onetakeda.com:8080/api/tesPRDjp/SystemValue.get/13" rel="alternate" type="text/html" title="13" length="0"/><source>com.tidalsoft.webclient.tes.dsp.db.datatypes.SystemValue</source><modified>2019-07-02T15:00:05Z</modified><tes:systemvalue xmlns:tes="http://www.tidalsoftware.com/client/tesservlet"><tes:id>13</tes:id><tes:timevalue>2019-07-02T15:00:00+0000</tes:timevalue><tes:clientcachelastchangetime>2019-07-02T15:00:07+0000</tes:clientcachelastchangetime><tes:lastchangetime>2019-07-02T15:00:05+0000</tes:lastchangetime></tes:systemvalue></entry><entry><id>14</id><title>14</title><category term="13" scheme="row" label=""/><category term="0" scheme="level" label=""/><category term="111111111111111111111111" scheme="securitypolicy" label=""/><category term="000000000000000000000000" scheme="customsecuritypolicy" label=""/><link href="http://jptyotagcmp001.onetakeda.com:8080/api/tesPRDjp/SystemValue.get/14" rel="alternate" type="text/html" title="14" length="0"/><source>com.tidalsoft.webclient.tes.dsp.db.datatypes.SystemValue</source><modified>1976-07-03T15:00:00Z</modified><tes:systemvalue xmlns:tes="http://www.tidalsoftware.com/client/tesservlet"><tes:agentname>sfpac99</tes:agentname><tes:agenttype>6</tes:agenttype><tes:agentostype>2</tes:agentostype><tes:id>14</tes:id><tes:intvalue>3</tes:intvalue><tes:clientcachelastchangetime>2019-02-01T19:12:00+0000</tes:clientcachelastchangetime><tes:lastchangetime>1976-07-03T15:00:00+0000</tes:lastchangetime></tes:systemvalue></entry><entry><id>15</id><title>15</title><category term="14" scheme="row" label=""/><category term="0" scheme="level" label=""/><category term="111111111111111111111111" scheme="securitypolicy" label=""/><category term="000000000000000000000000" scheme="customsecuritypolicy" label=""/><link href="http://jptyotagcmp001.onetakeda.com:8080/api/tesPRDjp/SystemValue.get/15" rel="alternate" type="text/html" title="15" length="0"/><source>com.tidalsoft.webclient.tes.dsp.db.datatypes.SystemValue</source><modified>1976-07-03T15:00:00Z</modified><tes:systemvalue xmlns:tes="http://www.tidalsoftware.com/client/tesservlet"><tes:id>15</tes:id><tes:intvalue>0</tes:intvalue><tes:clientcachelastchangetime>2019-02-01T19:12:00+0000</tes:clientcachelastchangetime><tes:lastchangetime>1976-07-03T15:00:00+0000</tes:lastchangetime></tes:systemvalue></entry><entry><id>16</id><title>16</title><category term="15" scheme="row" label=""/><category term="0" scheme="level" label=""/><category term="111111111111111111111111" scheme="securitypolicy" label=""/><category term="000000000000000000000000" scheme="customsecuritypolicy" label=""/><link href="http://jptyotagcmp001.onetakeda.com:8080/api/tesPRDjp/SystemValue.get/16" rel="alternate" type="text/html" title="16" length="0"/><source>com.tidalsoft.webclient.tes.dsp.db.datatypes.SystemValue</source><modified>1976-07-03T15:00:00Z</modified><tes:systemvalue xmlns:tes="http://www.tidalsoftware.com/client/tesservlet"><tes:strvalue>Company Name</tes:strvalue><tes:id>16</tes:id><tes:clientcachelastchangetime>2019-02-01T19:12:00+0000</tes:clientcachelastchangetime><tes:lastchangetime>1976-07-03T15:00:00+0000</tes:lastchangetime></tes:systemvalue></entry><entry><id>17</id><title>17</title><category term="16" scheme="row" label=""/><category term="0" scheme="level" label=""/><category term="111111111111111111111111" scheme="securitypolicy" label=""/><category term="000000000000000000000000" scheme="customsecuritypolicy" label=""/><link href="http://jptyotagcmp001.onetakeda.com:8080/api/tesPRDjp/SystemValue.get/17" rel="alternate" type="text/html" title="17" length="0"/><source>com.tidalsoft.webclient.tes.dsp.db.datatypes.SystemValue</source><modified>1976-07-03T15:00:00Z</modified><tes:systemvalue xmlns:tes="http://www.tidalsoftware.com/client/tesservlet"><tes:id>17</tes:id><tes:intvalue>7</tes:intvalue><tes:clientcachelastchangetime>2019-02-01T19:12:00+0000</tes:clientcachelastchangetime><tes:lastchangetime>1976-07-03T15:00:00+0000</tes:lastchangetime></tes:systemvalue></entry><entry><id>19</id><title>19</title><category term="17" scheme="row" label=""/><category term="0" scheme="level" label=""/><category term="111111111111111111111111" scheme="securitypolicy" label=""/><category term="000000000000000000000000" scheme="customsecuritypolicy" label=""/><link href="http://jptyotagcmp001.onetakeda.com:8080/api/tesPRDjp/SystemValue.get/19" rel="alternate" type="text/html" title="19" length="0"/><source>com.tidalsoft.webclient.tes.dsp.db.datatypes.SystemValue</source><modified>2019-01-29T16:58:29Z</modified><tes:systemvalue xmlns:tes="http://www.tidalsoftware.com/client/tesservlet"><tes:strvalue>smtprelay-americas.onetakeda.com</tes:strvalue><tes:id>19</tes:id><tes:clientcachelastchangetime>2019-02-01T19:12:00+0000</tes:clientcachelastchangetime><tes:lastchangetime>2019-01-29T16:58:29+0000</tes:lastchangetime></tes:systemvalue></entry><entry><id>20</id><title>20</title><category term="18" scheme="row" label=""/><category term="0" scheme="level" label=""/><category term="111111111111111111111111" scheme="securitypolicy" label=""/><category term="000000000000000000000000" scheme="customsecuritypolicy" label=""/><link href="http://jptyotagcmp001.onetakeda.com:8080/api/tesPRDjp/SystemValue.get/20" rel="alternate" type="text/html" title="20" length="0"/><source>com.tidalsoft.webclient.tes.dsp.db.datatypes.SystemValue</source><modified>2019-05-09T15:00:03Z</modified><tes:systemvalue xmlns:tes="http://www.tidalsoftware.com/client/tesservlet"><tes:id>20</tes:id><tes:timevalue>2019-05-09T15:00:03+0000</tes:timevalue><tes:clientcachelastchangetime>2019-05-09T15:00:04+0000</tes:clientcachelastchangetime><tes:lastchangetime>2019-05-09T15:00:03+0000</tes:lastchangetime></tes:systemvalue></entry><entry><id>21</id><title>21</title><category term="19" scheme="row" label=""/><category term="0" scheme="level" label=""/><category term="111111111111111111111111" scheme="securitypolicy" label=""/><category term="000000000000000000000000" scheme="customsecuritypolicy" label=""/><link href="http://jptyotagcmp001.onetakeda.com:8080/api/tesPRDjp/SystemValue.get/21" rel="alternate" type="text/html" title="21" length="0"/><source>com.tidalsoft.webclient.tes.dsp.db.datatypes.SystemValue</source><modified>2019-01-29T18:52:46Z</modified><tes:systemvalue xmlns:tes="http://www.tidalsoftware.com/client/tesservlet"><tes:strvalue>Y</tes:strvalue><tes:id>21</tes:id><tes:clientcachelastchangetime>2019-02-01T19:12:00+0000</tes:clientcachelastchangetime><tes:lastchangetime>2019-01-29T18:52:46+0000</tes:lastchangetime></tes:systemvalue></entry><entry><id>23</id><title>23</title><category term="20" scheme="row" label=""/><category term="0" scheme="level" label=""/><category term="111111111111111111111111" scheme="securitypolicy" label=""/><category term="000000000000000000000000" scheme="customsecuritypolicy" label=""/><link href="http://jptyotagcmp001.onetakeda.com:8080/api/tesPRDjp/SystemValue.get/23" rel="alternate" type="text/html" title="23" length="0"/><source>com.tidalsoft.webclient.tes.dsp.db.datatypes.SystemValue</source><modified>1976-07-03T15:00:00Z</modified><tes:systemvalue xmlns:tes="http://www.tidalsoftware.com/client/tesservlet"><tes:agentname>JPAWSVVAP001</tes:agentname><tes:agenttype>6</tes:agenttype><tes:agentostype>1</tes:agentostype><tes:id>23</tes:id><tes:intvalue>50</tes:intvalue><tes:clientcachelastchangetime>2019-02-01T19:12:00+0000</tes:clientcachelastchangetime><tes:lastchangetime>1976-07-03T15:00:00+0000</tes:lastchangetime></tes:systemvalue></entry><entry><id>24</id><title>24</title><category term="21" scheme="row" label=""/><category term="0" scheme="level" label=""/><category term="111111111111111111111111" scheme="securitypolicy" label=""/><category term="000000000000000000000000" scheme="customsecuritypolicy" label=""/><link href="http://jptyotagcmp001.onetakeda.com:8080/api/tesPRDjp/SystemValue.get/24" rel="alternate" type="text/html" title="24" length="0"/><source>com.tidalsoft.webclient.tes.dsp.db.datatypes.SystemValue</source><modified>2019-01-29T16:56:25Z</modified><tes:systemvalue xmlns:tes="http://www.tidalsoftware.com/client/tesservlet"><tes:id>24</tes:id><tes:intvalue>4</tes:intvalue><tes:clientcachelastchangetime>2019-02-01T19:12:00+0000</tes:clientcachelastchangetime><tes:lastchangetime>2019-01-29T16:56:25+0000</tes:lastchangetime></tes:systemvalue></entry><entry><id>25</id><title>25</title><category term="22" scheme="row" label=""/><category term="0" scheme="level" label=""/><category term="111111111111111111111111" scheme="securitypolicy" label=""/><category term="000000000000000000000000" scheme="customsecuritypolicy" label=""/><link href="http://jptyotagcmp001.onetakeda.com:8080/api/tesPRDjp/SystemValue.get/25" rel="alternate" type="text/html" title="25" length="0"/><source>com.tidalsoft.webclient.tes.dsp.db.datatypes.SystemValue</source><modified>2019-01-29T16:56:25Z</modified><tes:systemvalue xmlns:tes="http://www.tidalsoftware.com/client/tesservlet"><tes:id>25</tes:id><tes:intvalue>90</tes:intvalue><tes:clientcachelastchangetime>2019-02-01T19:12:00+0000</tes:clientcachelastchangetime><tes:lastchangetime>2019-01-29T16:56:25+0000</tes:lastchangetime></tes:systemvalue></entry><entry><id>26</id><title>26</title><category term="23" scheme="row" label=""/><category term="0" scheme="level" label=""/><category term="111111111111111111111111" scheme="securitypolicy" label=""/><category term="000000000000000000000000" scheme="customsecuritypolicy" label=""/><link href="http://jptyotagcmp001.onetakeda.com:8080/api/tesPRDjp/SystemValue.get/26" rel="alternate" type="text/html" title="26" length="0"/><source>com.tidalsoft.webclient.tes.dsp.db.datatypes.SystemValue</source><modified>1976-07-03T15:00:00Z</modified><tes:systemvalue xmlns:tes="http://www.tidalsoftware.com/client/tesservlet"><tes:strvalue>Y</tes:strvalue><tes:id>26</tes:id><tes:clientcachelastchangetime>2019-02-01T19:12:00+0000</tes:clientcachelastchangetime><tes:lastchangetime>1976-07-03T15:00:00+0000</tes:lastchangetime></tes:systemvalue></entry><entry><id>27</id><title>27</title><category term="24" scheme="row" label=""/><category term="0" scheme="level" label=""/><category term="111111111111111111111111" scheme="securitypolicy" label=""/><category term="000000000000000000000000" scheme="customsecuritypolicy" label=""/><link href="http://jptyotagcmp001.onetakeda.com:8080/api/tesPRDjp/SystemValue.get/27" rel="alternate" type="text/html" title="27" length="0"/><source>com.tidalsoft.webclient.tes.dsp.db.datatypes.SystemValue</source><modified>2019-01-29T16:56:25Z</modified><tes:systemvalue xmlns:tes="http://www.tidalsoftware.com/client/tesservlet"><tes:strvalue>N</tes:strvalue><tes:id>27</tes:id><tes:clientcachelastchangetime>2019-02-01T19:12:00+0000</tes:clientcachelastchangetime><tes:lastchangetime>2019-01-29T16:56:25+0000</tes:lastchangetime></tes:systemvalue></entry><entry><id>28</id><title>28</title><category term="25" scheme="row" label=""/><category term="0" scheme="level" label=""/><category term="111111111111111111111111" scheme="securitypolicy" label=""/><category term="000000000000000000000000" scheme="customsecuritypolicy" label=""/><link href="http://jptyotagcmp001.onetakeda.com:8080/api/tesPRDjp/SystemValue.get/28" rel="alternate" type="text/html" title="28" length="0"/><source>com.tidalsoft.webclient.tes.dsp.db.datatypes.SystemValue</source><modified>2019-01-29T16:56:25Z</modified><tes:systemvalue xmlns:tes="http://www.tidalsoftware.com/client/tesservlet"><tes:id>28</tes:id><tes:intvalue>0</tes:intvalue><tes:clientcachelastchangetime>2019-02-01T19:12:00+0000</tes:clientcachelastchangetime><tes:lastchangetime>2019-01-29T16:56:25+0000</tes:lastchangetime></tes:systemvalue></entry><entry><id>31</id><title>31</title><category term="26" scheme="row" label=""/><category term="0" scheme="level" label=""/><category term="111111111111111111111111" scheme="securitypolicy" label=""/><category term="000000000000000000000000" scheme="customsecuritypolicy" label=""/><link href="http://jptyotagcmp001.onetakeda.com:8080/api/tesPRDjp/SystemValue.get/31" rel="alternate" type="text/html" title="31" length="0"/><source>com.tidalsoft.webclient.tes.dsp.db.datatypes.SystemValue</source><modified>2019-01-29T16:55:22Z</modified><tes:systemvalue xmlns:tes="http://www.tidalsoftware.com/client/tesservlet"><tes:strvalue>000001002003005007008010011049</tes:strvalue><tes:id>31</tes:id><tes:clientcachelastchangetime>2019-02-01T19:12:00+0000</tes:clientcachelastchangetime><tes:lastchangetime>2019-01-29T16:55:22+0000</tes:lastchangetime></tes:systemvalue></entry><entry><id>32</id><title>32</title><category term="27" scheme="row" label=""/><category term="0" scheme="level" label=""/><category term="111111111111111111111111" scheme="securitypolicy" label=""/><category term="000000000000000000000000" scheme="customsecuritypolicy" label=""/><link href="http://jptyotagcmp001.onetakeda.com:8080/api/tesPRDjp/SystemValue.get/32" rel="alternate" type="text/html" title="32" length="0"/><source>com.tidalsoft.webclient.tes.dsp.db.datatypes.SystemValue</source><modified>2019-01-29T16:55:22Z</modified><tes:systemvalue xmlns:tes="http://www.tidalsoftware.com/client/tesservlet"><tes:strvalue>050051052053066097098099101103</tes:strvalue><tes:id>32</tes:id><tes:clientcachelastchangetime>2019-02-01T19:12:00+0000</tes:clientcachelastchangetime><tes:lastchangetime>2019-01-29T16:55:22+0000</tes:lastchangetime></tes:systemvalue></entry><entry><id>33</id><title>33</title><category term="28" scheme="row" label=""/><category term="0" scheme="level" label=""/><category term="111111111111111111111111" scheme="securitypolicy" label=""/><category term="000000000000000000000000" scheme="customsecuritypolicy" label=""/><link href="http://jptyotagcmp001.onetakeda.com:8080/api/tesPRDjp/SystemValue.get/33" rel="alternate" type="text/html" title="33" length="0"/><source>com.tidalsoft.webclient.tes.dsp.db.datatypes.SystemValue</source><modified>2019-01-29T16:55:22Z</modified><tes:systemvalue xmlns:tes="http://www.tidalsoftware.com/client/tesservlet"><tes:strvalue>104105106107108109012112009</tes:strvalue><tes:id>33</tes:id><tes:clientcachelastchangetime>2019-02-01T19:12:00+0000</tes:clientcachelastchangetime><tes:lastchangetime>2019-01-29T16:55:22+0000</tes:lastchangetime></tes:systemvalue></entry><entry><id>34</id><title>34</title><category term="29" scheme="row" label=""/><category term="0" scheme="level" label=""/><category term="111111111111111111111111" scheme="securitypolicy" label=""/><category term="000000000000000000000000" scheme="customsecuritypolicy" label=""/><link href="http://jptyotagcmp001.onetakeda.com:8080/api/tesPRDjp/SystemValue.get/34" rel="alternate" type="text/html" title="34" length="0"/><source>com.tidalsoft.webclient.tes.dsp.db.datatypes.SystemValue</source><modified>2019-01-29T16:56:25Z</modified><tes:systemvalue xmlns:tes="http://www.tidalsoftware.com/client/tesservlet"><tes:strvalue>Y</tes:strvalue><tes:id>34</tes:id><tes:clientcachelastchangetime>2019-02-01T19:12:00+0000</tes:clientcachelastchangetime><tes:lastchangetime>2019-01-29T16:56:25+0000</tes:lastchangetime></tes:systemvalue></entry><entry><id>36</id><title>36</title><category term="30" scheme="row" label=""/><category term="0" scheme="level" label=""/><category term="111111111111111111111111" scheme="securitypolicy" label=""/><category term="000000000000000000000000" scheme="customsecuritypolicy" label=""/><link href="http://jptyotagcmp001.onetakeda.com:8080/api/tesPRDjp/SystemValue.get/36" rel="alternate" type="text/html" title="36" length="0"/><source>com.tidalsoft.webclient.tes.dsp.db.datatypes.SystemValue</source><modified>2019-01-29T16:55:22Z</modified><tes:systemvalue xmlns:tes="http://www.tidalsoftware.com/client/tesservlet"><tes:id>36</tes:id><tes:clientcachelastchangetime>2019-02-01T19:12:00+0000</tes:clientcachelastchangetime><tes:lastchangetime>2019-01-29T16:55:22+0000</tes:lastchangetime></tes:systemvalue></entry><entry><id>37</id><title>37</title><category term="31" scheme="row" label=""/><category term="0" scheme="level" label=""/><category term="111111111111111111111111" scheme="securitypolicy" label=""/><category term="000000000000000000000000" scheme="customsecuritypolicy" label=""/><link href="http://jptyotagcmp001.onetakeda.com:8080/api/tesPRDjp/SystemValue.get/37" rel="alternate" type="text/html" title="37" length="0"/><source>com.tidalsoft.webclient.tes.dsp.db.datatypes.SystemValue</source><modified>2019-01-29T16:55:22Z</modified><tes:systemvalue xmlns:tes="http://www.tidalsoftware.com/client/tesservlet"><tes:id>37</tes:id><tes:clientcachelastchangetime>2019-02-01T19:12:00+0000</tes:clientcachelastchangetime><tes:lastchangetime>2019-01-29T16:55:22+0000</tes:lastchangetime></tes:systemvalue></entry><entry><id>38</id><title>38</title><category term="32" scheme="row" label=""/><category term="0" scheme="level" label=""/><category term="111111111111111111111111" scheme="securitypolicy" label=""/><category term="000000000000000000000000" scheme="customsecuritypolicy" label=""/><link href="http://jptyotagcmp001.onetakeda.com:8080/api/tesPRDjp/SystemValue.get/38" rel="alternate" type="text/html" title="38" length="0"/><source>com.tidalsoft.webclient.tes.dsp.db.datatypes.SystemValue</source><modified>2019-03-28T12:11:43Z</modified><tes:systemvalue xmlns:tes="http://www.tidalsoftware.com/client/tesservlet"><tes:agentname>AAA_PRIMARY_MASTER</tes:agentname><tes:agenttype>1</tes:agenttype><tes:agentostype>1</tes:agentostype><tes:id>38</tes:id><tes:intvalue>1</tes:intvalue><tes:clientcachelastchangetime>2019-03-28T12:11:44+0000</tes:clientcachelastchangetime><tes:lastchangetime>2019-03-28T12:11:43+0000</tes:lastchangetime></tes:systemvalue></entry><entry><id>39</id><title>39</title><category term="33" scheme="row" label=""/><category term="0" scheme="level" label=""/><category term="111111111111111111111111" scheme="securitypolicy" label=""/><category term="000000000000000000000000" scheme="customsecuritypolicy" label=""/><link href="http://jptyotagcmp001.onetakeda.com:8080/api/tesPRDjp/SystemValue.get/39" rel="alternate" type="text/html" title="39" length="0"/><source>com.tidalsoft.webclient.tes.dsp.db.datatypes.SystemValue</source><modified>2019-01-29T16:55:22Z</modified><tes:systemvalue xmlns:tes="http://www.tidalsoftware.com/client/tesservlet"><tes:strvalue>Y</tes:strvalue><tes:id>39</tes:id><tes:clientcachelastchangetime>2019-02-01T19:12:00+0000</tes:clientcachelastchangetime><tes:lastchangetime>2019-01-29T16:55:22+0000</tes:lastchangetime></tes:systemvalue></entry><entry><id>40</id><title>40</title><category term="34" scheme="row" label=""/><category term="0" scheme="level" label=""/><category term="111111111111111111111111" scheme="securitypolicy" label=""/><category term="000000000000000000000000" scheme="customsecuritypolicy" label=""/><link href="http://jptyotagcmp001.onetakeda.com:8080/api/tesPRDjp/SystemValue.get/40" rel="alternate" type="text/html" title="40" length="0"/><source>com.tidalsoft.webclient.tes.dsp.db.datatypes.SystemValue</source><modified>2019-05-09T15:00:03Z</modified><tes:systemvalue xmlns:tes="http://www.tidalsoftware.com/client/tesservlet"><tes:id>40</tes:id><tes:timevalue>2019-08-17T15:00:03+0000</tes:timevalue><tes:clientcachelastchangetime>2019-05-09T15:00:04+0000</tes:clientcachelastchangetime><tes:lastchangetime>2019-05-09T15:00:03+0000</tes:lastchangetime></tes:systemvalue></entry><entry><id>41</id><title>41</title><category term="35" scheme="row" label=""/><category term="0" scheme="level" label=""/><category term="111111111111111111111111" scheme="securitypolicy" label=""/><category term="000000000000000000000000" scheme="customsecuritypolicy" label=""/><link href="http://jptyotagcmp001.onetakeda.com:8080/api/tesPRDjp/SystemValue.get/41" rel="alternate" type="text/html" title="41" length="0"/><source>com.tidalsoft.webclient.tes.dsp.db.datatypes.SystemValue</source><modified>2019-03-28T12:11:43Z</modified><tes:systemvalue xmlns:tes="http://www.tidalsoftware.com/client/tesservlet"><tes:strvalue>Y</tes:strvalue><tes:id>41</tes:id><tes:clientcachelastchangetime>2019-03-28T12:11:44+0000</tes:clientcachelastchangetime><tes:lastchangetime>2019-03-28T12:11:43+0000</tes:lastchangetime></tes:systemvalue></entry><entry><id>42</id><title>42</title><category term="36" scheme="row" label=""/><category term="0" scheme="level" label=""/><category term="111111111111111111111111" scheme="securitypolicy" label=""/><category term="000000000000000000000000" scheme="customsecuritypolicy" label=""/><link href="http://jptyotagcmp001.onetakeda.com:8080/api/tesPRDjp/SystemValue.get/42" rel="alternate" type="text/html" title="42" length="0"/><source>com.tidalsoft.webclient.tes.dsp.db.datatypes.SystemValue</source><modified>2019-01-29T16:55:22Z</modified><tes:systemvalue xmlns:tes="http://www.tidalsoftware.com/client/tesservlet"><tes:strvalue>N</tes:strvalue><tes:id>42</tes:id><tes:clientcachelastchangetime>2019-02-01T19:12:01+0000</tes:clientcachelastchangetime><tes:lastchangetime>2019-01-29T16:55:22+0000</tes:lastchangetime></tes:systemvalue></entry><entry><id>43</id><title>43</title><category term="37" scheme="row" label=""/><category term="0" scheme="level" label=""/><category term="111111111111111111111111" scheme="securitypolicy" label=""/><category term="000000000000000000000000" scheme="customsecuritypolicy" label=""/><link href="http://jptyotagcmp001.onetakeda.com:8080/api/tesPRDjp/SystemValue.get/43" rel="alternate" type="text/html" title="43" length="0"/><source>com.tidalsoft.webclient.tes.dsp.db.datatypes.SystemValue</source><modified>2019-01-29T16:01:54Z</modified><tes:systemvalue xmlns:tes="http://www.tidalsoftware.com/client/tesservlet"><tes:strvalue>N</tes:strvalue><tes:id>43</tes:id><tes:clientcachelastchangetime>2019-02-01T19:12:01+0000</tes:clientcachelastchangetime><tes:lastchangetime>2019-01-29T16:01:54+0000</tes:lastchangetime></tes:systemvalue></entry><entry><id>48</id><title>48</title><category term="38" scheme="row" label=""/><category term="0" scheme="level" label=""/><category term="111111111111111111111111" scheme="securitypolicy" label=""/><category term="000000000000000000000000" scheme="customsecuritypolicy" label=""/><link href="http://jptyotagcmp001.onetakeda.com:8080/api/tesPRDjp/SystemValue.get/48" rel="alternate" type="text/html" title="48" length="0"/><source>com.tidalsoft.webclient.tes.dsp.db.datatypes.SystemValue</source><modified>2019-03-28T12:11:43Z</modified><tes:systemvalue xmlns:tes="http://www.tidalsoftware.com/client/tesservlet"><tes:strvalue>N</tes:strvalue><tes:id>48</tes:id><tes:clientcachelastchangetime>2019-03-28T15:00:02+0000</tes:clientcachelastchangetime><tes:lastchangetime>2019-03-28T12:11:43+0000</tes:lastchangetime></tes:systemvalue></entry><entry><id>49</id><title>49</title><category term="39" scheme="row" label=""/><category term="0" scheme="level" label=""/><category term="111111111111111111111111" scheme="securitypolicy" label=""/><category term="000000000000000000000000" scheme="customsecuritypolicy" label=""/><link href="http://jptyotagcmp001.onetakeda.com:8080/api/tesPRDjp/SystemValue.get/49" rel="alternate" type="text/html" title="49" length="0"/><source>com.tidalsoft.webclient.tes.dsp.db.datatypes.SystemValue</source><modified>2019-01-29T16:01:54Z</modified><tes:systemvalue xmlns:tes="http://www.tidalsoftware.com/client/tesservlet"><tes:strvalue>N</tes:strvalue><tes:id>49</tes:id><tes:clientcachelastchangetime>2019-02-01T19:12:01+0000</tes:clientcachelastchangetime><tes:lastchangetime>2019-01-29T16:01:54+0000</tes:lastchangetime></tes:systemvalue></entry><entry><id>56</id><title>56</title><category term="40" scheme="row" label=""/><category term="0" scheme="level" label=""/><category term="111111111111111111111111" scheme="securitypolicy" label=""/><category term="000000000000000000000000" scheme="customsecuritypolicy" label=""/><link href="http://jptyotagcmp001.onetakeda.com:8080/api/tesPRDjp/SystemValue.get/56" rel="alternate" type="text/html" title="56" length="0"/><source>com.tidalsoft.webclient.tes.dsp.db.datatypes.SystemValue</source><modified>2019-03-28T12:11:43Z</modified><tes:systemvalue xmlns:tes="http://www.tidalsoftware.com/client/tesservlet"><tes:strvalue>,</tes:strvalue><tes:id>56</tes:id><tes:clientcachelastchangetime>2019-03-28T12:11:44+0000</tes:clientcachelastchangetime><tes:lastchangetime>2019-03-28T12:11:43+0000</tes:lastchangetime></tes:systemvalue></entry><entry><id>58</id><title>58</title><category term="41" scheme="row" label=""/><category term="0" scheme="level" label=""/><category term="111111111111111111111111" scheme="securitypolicy" label=""/><category term="000000000000000000000000" scheme="customsecuritypolicy" label=""/><link href="http://jptyotagcmp001.onetakeda.com:8080/api/tesPRDjp/SystemValue.get/58" rel="alternate" type="text/html" title="58" length="0"/><source>com.tidalsoft.webclient.tes.dsp.db.datatypes.SystemValue</source><modified>2019-03-28T12:11:43Z</modified><tes:systemvalue xmlns:tes="http://www.tidalsoftware.com/client/tesservlet"><tes:strvalue>N</tes:strvalue><tes:id>58</tes:id><tes:clientcachelastchangetime>2019-03-28T15:00:02+0000</tes:clientcachelastchangetime><tes:lastchangetime>2019-03-28T12:11:43+0000</tes:lastchangetime></tes:systemvalue></entry><entry><id>59</id><title>59</title><category term="42" scheme="row" label=""/><category term="0" scheme="level" label=""/><category term="111111111111111111111111" scheme="securitypolicy" label=""/><category term="000000000000000000000000" scheme="customsecuritypolicy" label=""/><link href="http://jptyotagcmp001.onetakeda.com:8080/api/tesPRDjp/SystemValue.get/59" rel="alternate" type="text/html" title="59" length="0"/><source>com.tidalsoft.webclient.tes.dsp.db.datatypes.SystemValue</source><modified>2019-03-28T12:11:43Z</modified><tes:systemvalue xmlns:tes="http://www.tidalsoftware.com/client/tesservlet"><tes:strvalue>N</tes:strvalue><tes:id>59</tes:id><tes:clientcachelastchangetime>2019-03-28T15:00:02+0000</tes:clientcachelastchangetime><tes:lastchangetime>2019-03-28T12:11:43+0000</tes:lastchangetime></tes:systemvalue></entry><entry><id>63</id><title>63</title><category term="43" scheme="row" label=""/><category term="0" scheme="level" label=""/><category term="111111111111111111111111" scheme="securitypolicy" label=""/><category term="000000000000000000000000" scheme="customsecuritypolicy" label=""/><link href="http://jptyotagcmp001.onetakeda.com:8080/api/tesPRDjp/SystemValue.get/63" rel="alternate" type="text/html" title="63" length="0"/><source>com.tidalsoft.webclient.tes.dsp.db.datatypes.SystemValue</source><modified>2019-01-29T16:01:01Z</modified><tes:systemvalue xmlns:tes="http://www.tidalsoftware.com/client/tesservlet"><tes:agentname>ZZZ_ORACLE_DB_TEST</tes:agentname><tes:agenttype>11</tes:agenttype><tes:agentostype>12</tes:agentostype><tes:id>63</tes:id><tes:intvalue>27</tes:intvalue><tes:clientcachelastchangetime>2019-02-01T19:12:01+0000</tes:clientcachelastchangetime><tes:lastchangetime>2019-01-29T16:01:01+0000</tes:lastchangetime></tes:systemvalue></entry><entry><id>70</id><title>70</title><category term="44" scheme="row" label=""/><category term="0" scheme="level" label=""/><category term="111111111111111111111111" scheme="securitypolicy" label=""/><category term="000000000000000000000000" scheme="customsecuritypolicy" label=""/><link href="http://jptyotagcmp001.onetakeda.com:8080/api/tesPRDjp/SystemValue.get/70" rel="alternate" type="text/html" title="70" length="0"/><source>com.tidalsoft.webclient.tes.dsp.db.datatypes.SystemValue</source><modified>2019-01-29T16:55:22Z</modified><tes:systemvalue xmlns:tes="http://www.tidalsoftware.com/client/tesservlet"><tes:id>70</tes:id><tes:intvalue>4</tes:intvalue><tes:clientcachelastchangetime>2019-02-01T19:12:01+0000</tes:clientcachelastchangetime><tes:lastchangetime>2019-01-29T16:55:22+0000</tes:lastchangetime></tes:systemvalue></entry><entry><id>72</id><title>72</title><category term="45" scheme="row" label=""/><category term="0" scheme="level" label=""/><category term="111111111111111111111111" scheme="securitypolicy" label=""/><category term="000000000000000000000000" scheme="customsecuritypolicy" label=""/><link href="http://jptyotagcmp001.onetakeda.com:8080/api/tesPRDjp/SystemValue.get/72" rel="alternate" type="text/html" title="72" length="0"/><source>com.tidalsoft.webclient.tes.dsp.db.datatypes.SystemValue</source><modified>1976-07-03T15:00:00Z</modified><tes:systemvalue xmlns:tes="http://www.tidalsoftware.com/client/tesservlet"><tes:strvalue>Y</tes:strvalue><tes:id>72</tes:id><tes:clientcachelastchangetime>2019-02-01T19:12:01+0000</tes:clientcachelastchangetime><tes:lastchangetime>1976-07-03T15:00:00+0000</tes:lastchangetime></tes:systemvalue></entry><entry><id>76</id><title>76</title><category term="46" scheme="row" label=""/><category term="0" scheme="level" label=""/><category term="111111111111111111111111" scheme="securitypolicy" label=""/><category term="000000000000000000000000" scheme="customsecuritypolicy" label=""/><link href="http://jptyotagcmp001.onetakeda.com:8080/api/tesPRDjp/SystemValue.get/76" rel="alternate" type="text/html" title="76" length="0"/><source>com.tidalsoft.webclient.tes.dsp.db.datatypes.SystemValue</source><modified>2019-03-28T12:11:43Z</modified><tes:systemvalue xmlns:tes="http://www.tidalsoftware.com/client/tesservlet"><tes:strvalue>Y</tes:strvalue><tes:id>76</tes:id><tes:clientcachelastchangetime>2019-03-28T12:11:44+0000</tes:clientcachelastchangetime><tes:lastchangetime>2019-03-28T12:11:43+0000</tes:lastchangetime></tes:systemvalue></entry><entry><id>78</id><title>78</title><category term="47" scheme="row" label=""/><category term="0" scheme="level" label=""/><category term="111111111111111111111111" scheme="securitypolicy" label=""/><category term="000000000000000000000000" scheme="customsecuritypolicy" label=""/><link href="http://jptyotagcmp001.onetakeda.com:8080/api/tesPRDjp/SystemValue.get/78" rel="alternate" type="text/html" title="78" length="0"/><source>com.tidalsoft.webclient.tes.dsp.db.datatypes.SystemValue</source><modified>2019-03-28T12:11:43Z</modified><tes:systemvalue xmlns:tes="http://www.tidalsoftware.com/client/tesservlet"><tes:strvalue>N</tes:strvalue><tes:id>78</tes:id><tes:clientcachelastchangetime>2019-03-28T12:11:44+0000</tes:clientcachelastchangetime><tes:lastchangetime>2019-03-28T12:11:43+0000</tes:lastchangetime></tes:systemvalue></entry><entry><id>79</id><title>79</title><category term="48" scheme="row" label=""/><category term="0" scheme="level" label=""/><category term="111111111111111111111111" scheme="securitypolicy" label=""/><category term="000000000000000000000000" scheme="customsecuritypolicy" label=""/><link href="http://jptyotagcmp001.onetakeda.com:8080/api/tesPRDjp/SystemValue.get/79" rel="alternate" type="text/html" title="79" length="0"/><source>com.tidalsoft.webclient.tes.dsp.db.datatypes.SystemValue</source><modified>2019-01-29T16:56:25Z</modified><tes:systemvalue xmlns:tes="http://www.tidalsoftware.com/client/tesservlet"><tes:agentname>AAA_PRIMARY_MASTER</tes:agentname><tes:agenttype>1</tes:agenttype><tes:agentostype>1</tes:agentostype><tes:id>79</tes:id><tes:intvalue>1</tes:intvalue><tes:clientcachelastchangetime>2019-02-01T19:12:01+0000</tes:clientcachelastchangetime><tes:lastchangetime>2019-01-29T16:56:25+0000</tes:lastchangetime></tes:systemvalue></entry><entry><id>80</id><title>80</title><category term="49" scheme="row" label=""/><category term="0" scheme="level" label=""/><category term="111111111111111111111111" scheme="securitypolicy" label=""/><category term="000000000000000000000000" scheme="customsecuritypolicy" label=""/><link href="http://jptyotagcmp001.onetakeda.com:8080/api/tesPRDjp/SystemValue.get/80" rel="alternate" type="text/html" title="80" length="0"/><source>com.tidalsoft.webclient.tes.dsp.db.datatypes.SystemValue</source><modified>2019-02-25T11:53:00Z</modified><tes:systemvalue xmlns:tes="http://www.tidalsoftware.com/client/tesservlet"><tes:strvalue>NYNNNNNNN0NYN</tes:strvalue><tes:id>80</tes:id><tes:clientcachelastchangetime>2019-06-26T14:23:38+0000</tes:clientcachelastchangetime><tes:lastchangetime>2019-02-25T11:53:00+0000</tes:lastchangetime></tes:systemvalue></entry><entry><id>84</id><title>84</title><category term="50" scheme="row" label=""/><category term="0" scheme="level" label=""/><category term="111111111111111111111111" scheme="securitypolicy" label=""/><category term="000000000000000000000000" scheme="customsecuritypolicy" label=""/><link href="http://jptyotagcmp001.onetakeda.com:8080/api/tesPRDjp/SystemValue.get/84" rel="alternate" type="text/html" title="84" length="0"/><source>com.tidalsoft.webclient.tes.dsp.db.datatypes.SystemValue</source><modified>2019-07-02T15:00:05Z</modified><tes:systemvalue xmlns:tes="http://www.tidalsoftware.com/client/tesservlet"><tes:id>84</tes:id><tes:timevalue>2019-07-02T15:00:00+0000</tes:timevalue><tes:clientcachelastchangetime>2019-07-02T15:00:06+0000</tes:clientcachelastchangetime><tes:lastchangetime>2019-07-02T15:00:05+0000</tes:lastchangetime></tes:systemvalue></entry><entry><id>89</id><title>89</title><category term="51" scheme="row" label=""/><category term="0" scheme="level" label=""/><category term="111111111111111111111111" scheme="securitypolicy" label=""/><category term="000000000000000000000000" scheme="customsecuritypolicy" label=""/><link href="http://jptyotagcmp001.onetakeda.com:8080/api/tesPRDjp/SystemValue.get/89" rel="alternate" type="text/html" title="89" length="0"/><source>com.tidalsoft.webclient.tes.dsp.db.datatypes.SystemValue</source><modified>2019-03-28T12:11:43Z</modified><tes:systemvalue xmlns:tes="http://www.tidalsoftware.com/client/tesservlet"><tes:id>89</tes:id><tes:intvalue>30</tes:intvalue><tes:clientcachelastchangetime>2019-03-28T12:11:44+0000</tes:clientcachelastchangetime><tes:lastchangetime>2019-03-28T12:11:43+0000</tes:lastchangetime></tes:systemvalue></entry><entry><id>90</id><title>90</title><category term="52" scheme="row" label=""/><category term="0" scheme="level" label=""/><category term="111111111111111111111111" scheme="securitypolicy" label=""/><category term="000000000000000000000000" scheme="customsecuritypolicy" label=""/><link href="http://jptyotagcmp001.onetakeda.com:8080/api/tesPRDjp/SystemValue.get/90" rel="alternate" type="text/html" title="90" length="0"/><source>com.tidalsoft.webclient.tes.dsp.db.datatypes.SystemValue</source><modified>2019-01-29T17:02:39Z</modified><tes:systemvalue xmlns:tes="http://www.tidalsoftware.com/client/tesservlet"><tes:id>90</tes:id><tes:intvalue>150</tes:intvalue><tes:clientcachelastchangetime>2019-02-01T19:12:01+0000</tes:clientcachelastchangetime><tes:lastchangetime>2019-01-29T17:02:39+0000</tes:lastchangetime></tes:systemvalue></entry><entry><id>91</id><title>91</title><category term="53" scheme="row" label=""/><category term="0" scheme="level" label=""/><category term="111111111111111111111111" scheme="securitypolicy" label=""/><category term="000000000000000000000000" scheme="customsecuritypolicy" label=""/><link href="http://jptyotagcmp001.onetakeda.com:8080/api/tesPRDjp/SystemValue.get/91" rel="alternate" type="text/html" title="91" length="0"/><source>com.tidalsoft.webclient.tes.dsp.db.datatypes.SystemValue</source><modified>2019-01-29T16:56:25Z</modified><tes:systemvalue xmlns:tes="http://www.tidalsoftware.com/client/tesservlet"><tes:strvalue>Y</tes:strvalue><tes:id>91</tes:id><tes:clientcachelastchangetime>2019-02-01T19:12:01+0000</tes:clientcachelastchangetime><tes:lastchangetime>2019-01-29T16:56:25+0000</tes:lastchangetime></tes:systemvalue></entry><entry><id>92</id><title>92</title><category term="54" scheme="row" label=""/><category term="0" scheme="level" label=""/><category term="111111111111111111111111" scheme="securitypolicy" label=""/><category term="000000000000000000000000" scheme="customsecuritypolicy" label=""/><link href="http://jptyotagcmp001.onetakeda.com:8080/api/tesPRDjp/SystemValue.get/92" rel="alternate" type="text/html" title="92" length="0"/><source>com.tidalsoft.webclient.tes.dsp.db.datatypes.SystemValue</source><modified>2019-03-28T12:11:43Z</modified><tes:systemvalue xmlns:tes="http://www.tidalsoftware.com/client/tesservlet"><tes:strvalue>N</tes:strvalue><tes:id>92</tes:id><tes:clientcachelastchangetime>2019-03-28T12:11:44+0000</tes:clientcachelastchangetime><tes:lastchangetime>2019-03-28T12:11:43+0000</tes:lastchangetime></tes:systemvalue></entry><entry><id>93</id><title>93</title><category term="55" scheme="row" label=""/><category term="0" scheme="level" label=""/><category term="111111111111111111111111" scheme="securitypolicy" label=""/><category term="000000000000000000000000" scheme="customsecuritypolicy" label=""/><link href="http://jptyotagcmp001.onetakeda.com:8080/api/tesPRDjp/SystemValue.get/93" rel="alternate" type="text/html" title="93" length="0"/><source>com.tidalsoft.webclient.tes.dsp.db.datatypes.SystemValue</source><modified>2019-03-28T12:11:43Z</modified><tes:systemvalue xmlns:tes="http://www.tidalsoftware.com/client/tesservlet"><tes:strvalue>Y</tes:strvalue><tes:id>93</tes:id><tes:clientcachelastchangetime>2019-03-28T12:11:44+0000</tes:clientcachelastchangetime><tes:lastchangetime>2019-03-28T12:11:43+0000</tes:lastchangetime></tes:systemvalue></entry><entry><id>94</id><title>94</title><category term="56" scheme="row" label=""/><category term="0" scheme="level" label=""/><category term="111111111111111111111111" scheme="securitypolicy" label=""/><category term="000000000000000000000000" scheme="customsecuritypolicy" label=""/><link href="http://jptyotagcmp001.onetakeda.com:8080/api/tesPRDjp/SystemValue.get/94" rel="alternate" type="text/html" title="94" length="0"/><source>com.tidalsoft.webclient.tes.dsp.db.datatypes.SystemValue</source><modified>2019-03-28T12:11:43Z</modified><tes:systemvalue xmlns:tes="http://www.tidalsoftware.com/client/tesservlet"><tes:agentname>AAA_PRIMARY_MASTER</tes:agentname><tes:agenttype>1</tes:agenttype><tes:agentostype>1</tes:agentostype><tes:id>94</tes:id><tes:intvalue>1</tes:intvalue><tes:clientcachelastchangetime>2019-03-28T12:11:44+0000</tes:clientcachelastchangetime><tes:lastchangetime>2019-03-28T12:11:43+0000</tes:lastchangetime></tes:systemvalue></entry><entry><id>95</id><title>95</title><category term="57" scheme="row" label=""/><category term="0" scheme="level" label=""/><category term="111111111111111111111111" scheme="securitypolicy" label=""/><category term="000000000000000000000000" scheme="customsecuritypolicy" label=""/><link href="http://jptyotagcmp001.onetakeda.com:8080/api/tesPRDjp/SystemValue.get/95" rel="alternate" type="text/html" title="95" length="0"/><source>com.tidalsoft.webclient.tes.dsp.db.datatypes.SystemValue</source><modified>2019-03-28T12:11:43Z</modified><tes:systemvalue xmlns:tes="http://www.tidalsoftware.com/client/tesservlet"><tes:agentname>sfpac99</tes:agentname><tes:agenttype>6</tes:agenttype><tes:agentostype>2</tes:agentostype><tes:id>95</tes:id><tes:intvalue>3</tes:intvalue><tes:clientcachelastchangetime>2019-03-28T12:11:44+0000</tes:clientcachelastchangetime><tes:lastchangetime>2019-03-28T12:11:43+0000</tes:lastchangetime></tes:systemvalue></entry><entry><id>96</id><title>96</title><category term="58" scheme="row" label=""/><category term="0" scheme="level" label=""/><category term="111111111111111111111111" scheme="securitypolicy" label=""/><category term="000000000000000000000000" scheme="customsecuritypolicy" label=""/><link href="http://jptyotagcmp001.onetakeda.com:8080/api/tesPRDjp/SystemValue.get/96" rel="alternate" type="text/html" title="96" length="0"/><source>com.tidalsoft.webclient.tes.dsp.db.datatypes.SystemValue</source><modified>2019-03-28T12:11:43Z</modified><tes:systemvalue xmlns:tes="http://www.tidalsoftware.com/client/tesservlet"><tes:strvalue>N</tes:strvalue><tes:id>96</tes:id><tes:clientcachelastchangetime>2019-03-28T12:11:44+0000</tes:clientcachelastchangetime><tes:lastchangetime>2019-03-28T12:11:43+0000</tes:lastchangetime></tes:systemvalue></entry><entry><id>97</id><title>97</title><category term="59" scheme="row" label=""/><category term="0" scheme="level" label=""/><category term="111111111111111111111111" scheme="securitypolicy" label=""/><category term="000000000000000000000000" scheme="customsecuritypolicy" label=""/><link href="http://jptyotagcmp001.onetakeda.com:8080/api/tesPRDjp/SystemValue.get/97" rel="alternate" type="text/html" title="97" length="0"/><source>com.tidalsoft.webclient.tes.dsp.db.datatypes.SystemValue</source><modified>2019-03-28T12:11:43Z</modified><tes:systemvalue xmlns:tes="http://www.tidalsoftware.com/client/tesservlet"><tes:strvalue>N</tes:strvalue><tes:id>97</tes:id><tes:clientcachelastchangetime>2019-03-28T12:11:44+0000</tes:clientcachelastchangetime><tes:lastchangetime>2019-03-28T12:11:43+0000</tes:lastchangetime></tes:systemvalue></entry><entry><id>98</id><title>98</title><category term="60" scheme="row" label=""/><category term="0" scheme="level" label=""/><category term="111111111111111111111111" scheme="securitypolicy" label=""/><category term="000000000000000000000000" scheme="customsecuritypolicy" label=""/><link href="http://jptyotagcmp001.onetakeda.com:8080/api/tesPRDjp/SystemValue.get/98" rel="alternate" type="text/html" title="98" length="0"/><source>com.tidalsoft.webclient.tes.dsp.db.datatypes.SystemValue</source><modified>2019-03-28T12:11:43Z</modified><tes:systemvalue xmlns:tes="http://www.tidalsoftware.com/client/tesservlet"><tes:id>98</tes:id><tes:intvalue>4</tes:intvalue><tes:clientcachelastchangetime>2019-03-28T12:11:44+0000</tes:clientcachelastchangetime><tes:lastchangetime>2019-03-28T12:11:43+0000</tes:lastchangetime></tes:systemvalue></entry><entry><id>99</id><title>99</title><category term="61" scheme="row" label=""/><category term="0" scheme="level" label=""/><category term="111111111111111111111111" scheme="securitypolicy" label=""/><category term="000000000000000000000000" scheme="customsecuritypolicy" label=""/><link href="http://jptyotagcmp001.onetakeda.com:8080/api/tesPRDjp/SystemValue.get/99" rel="alternate" type="text/html" title="99" length="0"/><source>com.tidalsoft.webclient.tes.dsp.db.datatypes.SystemValue</source><modified>2019-03-28T12:11:43Z</modified><tes:systemvalue xmlns:tes="http://www.tidalsoftware.com/client/tesservlet"><tes:strvalue>N</tes:strvalue><tes:id>99</tes:id><tes:clientcachelastchangetime>2019-03-28T12:11:44+0000</tes:clientcachelastchangetime><tes:lastchangetime>2019-03-28T12:11:43+0000</tes:lastchangetime></tes:systemvalue></entry><entry><id>100</id><title>100</title><category term="62" scheme="row" label=""/><category term="0" scheme="level" label=""/><category term="111111111111111111111111" scheme="securitypolicy" label=""/><category term="000000000000000000000000" scheme="customsecuritypolicy" label=""/><link href="http://jptyotagcmp001.onetakeda.com:8080/api/tesPRDjp/SystemValue.get/100" rel="alternate" type="text/html" title="100" length="0"/><source>com.tidalsoft.webclient.tes.dsp.db.datatypes.SystemValue</source><modified>2019-03-28T12:11:43Z</modified><tes:systemvalue xmlns:tes="http://www.tidalsoftware.com/client/tesservlet"><tes:strvalue>N</tes:strvalue><tes:id>100</tes:id><tes:clientcachelastchangetime>2019-03-28T15:00:02+0000</tes:clientcachelastchangetime><tes:lastchangetime>2019-03-28T12:11:43+0000</tes:lastchangetime></tes:systemvalue></entry><entry><id>102</id><title>102</title><category term="63" scheme="row" label=""/><category term="0" scheme="level" label=""/><category term="111111111111111111111111" scheme="securitypolicy" label=""/><category term="000000000000000000000000" scheme="customsecuritypolicy" label=""/><link href="http://jptyotagcmp001.onetakeda.com:8080/api/tesPRDjp/SystemValue.get/102" rel="alternate" type="text/html" title="102" length="0"/><source>com.tidalsoft.webclient.tes.dsp.db.datatypes.SystemValue</source><modified>2019-01-29T16:01:54Z</modified><tes:systemvalue xmlns:tes="http://www.tidalsoftware.com/client/tesservlet"><tes:strvalue>Y</tes:strvalue><tes:id>102</tes:id><tes:clientcachelastchangetime>2019-02-01T19:12:01+0000</tes:clientcachelastchangetime><tes:lastchangetime>2019-01-29T16:01:54+0000</tes:lastchangetime></tes:systemvalue></entry><entry><id>105</id><title>105</title><category term="64" scheme="row" label=""/><category term="0" scheme="level" label=""/><category term="111111111111111111111111" scheme="securitypolicy" label=""/><category term="000000000000000000000000" scheme="customsecuritypolicy" label=""/><link href="http://jptyotagcmp001.onetakeda.com:8080/api/tesPRDjp/SystemValue.get/105" rel="alternate" type="text/html" title="105" length="0"/><source>com.tidalsoft.webclient.tes.dsp.db.datatypes.SystemValue</source><modified>2019-01-29T16:58:29Z</modified><tes:systemvalue xmlns:tes="http://www.tidalsoftware.com/client/tesservlet"><tes:id>105</tes:id><tes:intvalue>10000</tes:intvalue><tes:clientcachelastchangetime>2019-02-01T19:12:01+0000</tes:clientcachelastchangetime><tes:lastchangetime>2019-01-29T16:58:29+0000</tes:lastchangetime></tes:systemvalue></entry><entry><id>106</id><title>106</title><category term="65" scheme="row" label=""/><category term="0" scheme="level" label=""/><category term="111111111111111111111111" scheme="securitypolicy" label=""/><category term="000000000000000000000000" scheme="customsecuritypolicy" label=""/><link href="http://jptyotagcmp001.onetakeda.com:8080/api/tesPRDjp/SystemValue.get/106" rel="alternate" type="text/html" title="106" length="0"/><source>com.tidalsoft.webclient.tes.dsp.db.datatypes.SystemValue</source><modified>2019-03-28T12:11:43Z</modified><tes:systemvalue xmlns:tes="http://www.tidalsoftware.com/client/tesservlet"><tes:strvalue>N</tes:strvalue><tes:id>106</tes:id><tes:clientcachelastchangetime>2019-03-28T12:11:44+0000</tes:clientcachelastchangetime><tes:lastchangetime>2019-03-28T12:11:43+0000</tes:lastchangetime></tes:systemvalue></entry><entry><id>107</id><title>107</title><category term="66" scheme="row" label=""/><category term="0" scheme="level" label=""/><category term="111111111111111111111111" scheme="securitypolicy" label=""/><category term="000000000000000000000000" scheme="customsecuritypolicy" label=""/><link href="http://jptyotagcmp001.onetakeda.com:8080/api/tesPRDjp/SystemValue.get/107" rel="alternate" type="text/html" title="107" length="0"/><source>com.tidalsoft.webclient.tes.dsp.db.datatypes.SystemValue</source><modified>2019-03-28T12:11:43Z</modified><tes:systemvalue xmlns:tes="http://www.tidalsoftware.com/client/tesservlet"><tes:strvalue>Y</tes:strvalue><tes:id>107</tes:id><tes:clientcachelastchangetime>2019-03-28T12:11:44+0000</tes:clientcachelastchangetime><tes:lastchangetime>2019-03-28T12:11:43+0000</tes:lastchangetime></tes:systemvalue></entry><entry><id>110</id><title>110</title><category term="67" scheme="row" label=""/><category term="0" scheme="level" label=""/><category term="111111111111111111111111" scheme="securitypolicy" label=""/><category term="000000000000000000000000" scheme="customsecuritypolicy" label=""/><link href="http://jptyotagcmp001.onetakeda.com:8080/api/tesPRDjp/SystemValue.get/110" rel="alternate" type="text/html" title="110" length="0"/><source>com.tidalsoft.webclient.tes.dsp.db.datatypes.SystemValue</source><tes:systemvalue xmlns:tes="http://www.tidalsoftware.com/client/tesservlet"><tes:id>110</tes:id><tes:intvalue>30</tes:intvalue><tes:clientcachelastchangetime>2019-02-01T19:12:01+0000</tes:clientcachelastchangetime></tes:systemvalue></entry><entry><id>112</id><title>112</title><category term="68" scheme="row" label=""/><category term="0" scheme="level" label=""/><category term="111111111111111111111111" scheme="securitypolicy" label=""/><category term="000000000000000000000000" scheme="customsecuritypolicy" label=""/><link href="http://jptyotagcmp001.onetakeda.com:8080/api/tesPRDjp/SystemValue.get/112" rel="alternate" type="text/html" title="112" length="0"/><source>com.tidalsoft.webclient.tes.dsp.db.datatypes.SystemValue</source><modified>2019-01-29T16:01:54Z</modified><tes:systemvalue xmlns:tes="http://www.tidalsoftware.com/client/tesservlet"><tes:id>112</tes:id><tes:intvalue>100</tes:intvalue><tes:clientcachelastchangetime>2019-02-01T19:12:01+0000</tes:clientcachelastchangetime><tes:lastchangetime>2019-01-29T16:01:54+0000</tes:lastchangetime></tes:systemvalue></entry><entry><id>113</id><title>113</title><category term="69" scheme="row" label=""/><category term="0" scheme="level" label=""/><category term="111111111111111111111111" scheme="securitypolicy" label=""/><category term="000000000000000000000000" scheme="customsecuritypolicy" label=""/><link href="http://jptyotagcmp001.onetakeda.com:8080/api/tesPRDjp/SystemValue.get/113" rel="alternate" type="text/html" title="113" length="0"/><source>com.tidalsoft.webclient.tes.dsp.db.datatypes.SystemValue</source><modified>2019-03-28T12:11:43Z</modified><tes:systemvalue xmlns:tes="http://www.tidalsoftware.com/client/tesservlet"><tes:strvalue>N</tes:strvalue><tes:id>113</tes:id><tes:clientcachelastchangetime>2019-03-28T12:11:44+0000</tes:clientcachelastchangetime><tes:lastchangetime>2019-03-28T12:11:43+0000</tes:lastchangetime></tes:systemvalue></entry><entry><id>116</id><title>116</title><category term="70" scheme="row" label=""/><category term="0" scheme="level" label=""/><category term="111111111111111111111111" scheme="securitypolicy" label=""/><category term="000000000000000000000000" scheme="customsecuritypolicy" label=""/><link href="http://jptyotagcmp001.onetakeda.com:8080/api/tesPRDjp/SystemValue.get/116" rel="alternate" type="text/html" title="116" length="0"/><source>com.tidalsoft.webclient.tes.dsp.db.datatypes.SystemValue</source><modified>2019-06-21T20:43:29Z</modified><tes:systemvalue xmlns:tes="http://www.tidalsoftware.com/client/tesservlet"><tes:id>116</tes:id><tes:timevalue>2019-06-21T20:43:16+0000</tes:timevalue><tes:clientcachelastchangetime>2019-06-22T15:00:03+0000</tes:clientcachelastchangetime><tes:lastchangetime>2019-06-21T20:43:29+0000</tes:lastchangetime></tes:systemvalue></entry><entry><id>132</id><title>132</title><category term="71" scheme="row" label=""/><category term="0" scheme="level" label=""/><category term="111111111111111111111111" scheme="securitypolicy" label=""/><category term="000000000000000000000000" scheme="customsecuritypolicy" label=""/><link href="http://jptyotagcmp001.onetakeda.com:8080/api/tesPRDjp/SystemValue.get/132" rel="alternate" type="text/html" title="132" length="0"/><source>com.tidalsoft.webclient.tes.dsp.db.datatypes.SystemValue</source><modified>1976-07-03T15:00:00Z</modified><tes:systemvalue xmlns:tes="http://www.tidalsoftware.com/client/tesservlet"><tes:strvalue>Y</tes:strvalue><tes:id>132</tes:id><tes:clientcachelastchangetime>2019-02-01T19:12:01+0000</tes:clientcachelastchangetime><tes:lastchangetime>1976-07-03T15:00:00+0000</tes:lastchangetime></tes:systemvalue></entry><entry><id>133</id><title>133</title><category term="72" scheme="row" label=""/><category term="0" scheme="level" label=""/><category term="111111111111111111111111" scheme="securitypolicy" label=""/><category term="000000000000000000000000" scheme="customsecuritypolicy" label=""/><link href="http://jptyotagcmp001.onetakeda.com:8080/api/tesPRDjp/SystemValue.get/133" rel="alternate" type="text/html" title="133" length="0"/><source>com.tidalsoft.webclient.tes.dsp.db.datatypes.SystemValue</source><modified>2019-01-29T16:55:22Z</modified><tes:systemvalue xmlns:tes="http://www.tidalsoftware.com/client/tesservlet"><tes:strvalue>N</tes:strvalue><tes:id>133</tes:id><tes:clientcachelastchangetime>2019-02-01T19:12:01+0000</tes:clientcachelastchangetime><tes:lastchangetime>2019-01-29T16:55:22+0000</tes:lastchangetime></tes:systemvalue></entry><entry><id>136</id><title>136</title><category term="73" scheme="row" label=""/><category term="0" scheme="level" label=""/><category term="111111111111111111111111" scheme="securitypolicy" label=""/><category term="000000000000000000000000" scheme="customsecuritypolicy" label=""/><link href="http://jptyotagcmp001.onetakeda.com:8080/api/tesPRDjp/SystemValue.get/136" rel="alternate" type="text/html" title="136" length="0"/><source>com.tidalsoft.webclient.tes.dsp.db.datatypes.SystemValue</source><modified>2019-03-28T12:11:43Z</modified><tes:systemvalue xmlns:tes="http://www.tidalsoftware.com/client/tesservlet"><tes:strvalue>N</tes:strvalue><tes:id>136</tes:id><tes:clientcachelastchangetime>2019-03-28T15:00:02+0000</tes:clientcachelastchangetime><tes:lastchangetime>2019-03-28T12:11:43+0000</tes:lastchangetime></tes:systemvalue></entry><entry><id>138</id><title>138</title><category term="74" scheme="row" label=""/><category term="0" scheme="level" label=""/><category term="111111111111111111111111" scheme="securitypolicy" label=""/><category term="000000000000000000000000" scheme="customsecuritypolicy" label=""/><link href="http://jptyotagcmp001.onetakeda.com:8080/api/tesPRDjp/SystemValue.get/138" rel="alternate" type="text/html" title="138" length="0"/><source>com.tidalsoft.webclient.tes.dsp.db.datatypes.SystemValue</source><modified>2019-01-29T16:55:22Z</modified><tes:systemvalue xmlns:tes="http://www.tidalsoftware.com/client/tesservlet"><tes:strvalue>N</tes:strvalue><tes:id>138</tes:id><tes:clientcachelastchangetime>2019-02-01T19:12:01+0000</tes:clientcachelastchangetime><tes:lastchangetime>2019-01-29T16:55:22+0000</tes:lastchangetime></tes:systemvalue></entry><entry><id>139</id><title>139</title><category term="75" scheme="row" label=""/><category term="0" scheme="level" label=""/><category term="111111111111111111111111" scheme="securitypolicy" label=""/><category term="000000000000000000000000" scheme="customsecuritypolicy" label=""/><link href="http://jptyotagcmp001.onetakeda.com:8080/api/tesPRDjp/SystemValue.get/139" rel="alternate" type="text/html" title="139" length="0"/><source>com.tidalsoft.webclient.tes.dsp.db.datatypes.SystemValue</source><modified>2019-01-29T16:58:29Z</modified><tes:systemvalue xmlns:tes="http://www.tidalsoftware.com/client/tesservlet"><tes:id>139</tes:id><tes:intvalue>25</tes:intvalue><tes:clientcachelastchangetime>2019-02-01T19:12:01+0000</tes:clientcachelastchangetime><tes:lastchangetime>2019-01-29T16:58:29+0000</tes:lastchangetime></tes:systemvalue></entry><entry><id>140</id><title>140</title><category term="76" scheme="row" label=""/><category term="0" scheme="level" label=""/><category term="111111111111111111111111" scheme="securitypolicy" label=""/><category term="000000000000000000000000" scheme="customsecuritypolicy" label=""/><link href="http://jptyotagcmp001.onetakeda.com:8080/api/tesPRDjp/SystemValue.get/140" rel="alternate" type="text/html" title="140" length="0"/><source>com.tidalsoft.webclient.tes.dsp.db.datatypes.SystemValue</source><modified>2019-03-28T12:11:43Z</modified><tes:systemvalue xmlns:tes="http://www.tidalsoftware.com/client/tesservlet"><tes:strvalue>Pa8xtgVwPHk=</tes:strvalue><tes:id>140</tes:id><tes:clientcachelastchangetime>2019-03-28T12:11:44+0000</tes:clientcachelastchangetime><tes:lastchangetime>2019-03-28T12:11:43+0000</tes:lastchangetime></tes:systemvalue></entry><entry><id>141</id><title>141</title><category term="77" scheme="row" label=""/><category term="0" scheme="level" label=""/><category term="111111111111111111111111" scheme="securitypolicy" label=""/><category term="000000000000000000000000" scheme="customsecuritypolicy" label=""/><link href="http://jptyotagcmp001.onetakeda.com:8080/api/tesPRDjp/SystemValue.get/141" rel="alternate" type="text/html" title="141" length="0"/><source>com.tidalsoft.webclient.tes.dsp.db.datatypes.SystemValue</source><modified>2019-01-29T16:55:22Z</modified><tes:systemvalue xmlns:tes="http://www.tidalsoftware.com/client/tesservlet"><tes:strvalue>N</tes:strvalue><tes:id>141</tes:id><tes:clientcachelastchangetime>2019-02-01T19:12:01+0000</tes:clientcachelastchangetime><tes:lastchangetime>2019-01-29T16:55:22+0000</tes:lastchangetime></tes:systemvalue></entry><entry><id>142</id><title>142</title><category term="78" scheme="row" label=""/><category term="0" scheme="level" label=""/><category term="111111111111111111111111" scheme="securitypolicy" label=""/><category term="000000000000000000000000" scheme="customsecuritypolicy" label=""/><link href="http://jptyotagcmp001.onetakeda.com:8080/api/tesPRDjp/SystemValue.get/142" rel="alternate" type="text/html" title="142" length="0"/><source>com.tidalsoft.webclient.tes.dsp.db.datatypes.SystemValue</source><modified>2019-03-28T12:11:43Z</modified><tes:systemvalue xmlns:tes="http://www.tidalsoftware.com/client/tesservlet"><tes:strvalue/><tes:id>142</tes:id><tes:clientcachelastchangetime>2019-03-28T12:11:44+0000</tes:clientcachelastchangetime><tes:lastchangetime>2019-03-28T12:11:43+0000</tes:lastchangetime></tes:systemvalue></entry><entry><id>162</id><title>162</title><category term="79" scheme="row" label=""/><category term="0" scheme="level" label=""/><category term="111111111111111111111111" scheme="securitypolicy" label=""/><category term="000000000000000000000000" scheme="customsecuritypolicy" label=""/><link href="http://jptyotagcmp001.onetakeda.com:8080/api/tesPRDjp/SystemValue.get/162" rel="alternate" type="text/html" title="162" length="0"/><source>com.tidalsoft.webclient.tes.dsp.db.datatypes.SystemValue</source><modified>2019-03-28T12:11:43Z</modified><tes:systemvalue xmlns:tes="http://www.tidalsoftware.com/client/tesservlet"><tes:strvalue/><tes:id>162</tes:id><tes:clientcachelastchangetime>2019-03-28T15:00:02+0000</tes:clientcachelastchangetime><tes:lastchangetime>2019-03-28T12:11:43+0000</tes:lastchangetime></tes:systemvalue></entry></feed>
